timestamp,temperature_c,fuel_mass_kg,tank_diameter_m,wall_thickness_m,wind_speed_ms,time_to_failure_min
2026-09-01 00:00:00,33.72700594236812,6851.329288386196,15.0,0.015,5.234113674718119,324.0052374559268
2026-09-01 00:15:00,62.53571532049581,10419.009473783583,15.0,0.015,4.939575981439996,143.91994928355558
2026-09-01 00:30:00,51.59969709057025,13729.458358764083,15.0,0.015,18.125091610420732,236.9055405254271
2026-09-01 00:45:00,44.93292420985183,12322.24886409561,15.0,0.015,4.990923996990122,219.8949670668612
2026-09-01 01:00:00,22.800932022121827,13065.611478614497,15.0,0.015,5.43899452257262,392.25155669321026
2026-09-01 01:15:00,22.799726016810133,11587.833667107174,15.0,0.015,15.187965248359275,397.49633236436557
2026-09-01 01:30:00,17.904180608409973,11922.765645178524,15.0,0.015,8.9947968490108,405.0253529588687
2026-09-01 01:45:00,58.308807288746756,13491.956515653193,15.0,0.015,15.534211139103624,183.36640555586044
2026-09-01 02:00:00,45.05575058716044,7496.680088591859,15.0,0.015,1.3073231512877048,205.63661428613798
2026-09-01 02:15:00,50.40362888980228,9894.249636431405,15.0,0.015,9.751423873467687,223.2108665803318
2026-09-01 02:30:00,16.02922471479012,7212.094418196022,15.0,0.015,0.6722720036656527,389.7286230958595
2026-09-01 02:45:00,63.49549260809972,14876.68007996647,15.0,0.015,1.2530640691070905,101.24311820196284
2026-09-01 03:00:00,56.622132040021086,14440.593396866132,15.0,0.015,18.12874906688822,173.68931810038157
2026-09-01 03:15:00,25.61695553391381,5394.268113685059,15.0,0.015,2.7849074223519033,368.5584072660698
2026-09-01 03:30:00,24.09124836035503,12055.751725156884,15.0,0.015,10.648413645504341,367.31038622348666
2026-09-01 03:45:00,24.17022549267169,14252.483174156658,15.0,0.015,8.221912052014131,394.4283867967456
2026-09-01 04:00:00,30.212112147976885,6805.7534512733355,15.0,0.015,6.946866525176853,324.58403821670794
2026-09-01 04:15:00,41.2378215816119,10679.452305526294,15.0,0.015,17.99666691374545,262.9560349739253
2026-09-01 04:30:00,36.59725093210579,14154.882975880419,15.0,0.015,0.43646793550979,264.541563679155
2026-09-01 04:45:00,29.561457009902096,5339.459785857988,15.0,0.015,13.275793723511782,367.7200196877151
2026-09-01 05:00:00,45.59264473611897,11974.2026724684,15.0,0.015,19.267888684271007,262.6414362827782
2026-09-01 05:15:00,21.97469303260209,7973.4900737255075,15.0,0.015,11.20336366923684,382.3342596955021
2026-09-01 05:30:00,29.60723242676091,14243.961953765303,15.0,0.015,18.736449240661837,362.22977730855
2026-09-01 05:45:00,33.318092164684586,14710.582451653678,15.0,0.015,1.0451575857204753,309.7085032258466
2026-09-01 06:00:00,37.8034992108518,14442.66489113434,15.0,0.015,8.375866381483227,306.69171973639254
2026-09-01 06:15:00,54.25879806965068,9742.142166574638,15.0,0.015,5.203155819241023,206.58101166897185
2026-09-01 06:30:00,24.98368910791799,13620.426509893134,15.0,0.015,14.616419299614595,373.934174264885
2026-09-01 06:45:00,40.71172192068058,13445.493985350704,15.0,0.015,19.625941809944933,275.0908368045758
2026-09-01 07:00:00,44.620728443102124,8191.004732432557,15.0,0.015,5.130601248884956,236.334854422308
2026-09-01 07:15:00,17.322520635999886,13289.154741506773,15.0,0.015,13.083492029481489,426.13606784170696
2026-09-01 07:30:00,45.37724259507192,5370.076347154926,15.0,0.015,3.9619526551948026,221.20406584679893
2026-09-01 07:45:00,23.526206184364575,10962.698784820532,15.0,0.015,11.306605091432198,367.0987093532513
2026-09-01 08:00:00,18.252579649263975,7300.08837287703,15.0,0.015,9.278649733766724,414.1986397951979
2026-09-01 08:15:00,62.44427686266666,6205.668857772788,15.0,0.015,19.44010659263074,163.48476673570477
2026-09-01 08:30:00,63.28160165372797,5769.532016292092,15.0,0.015,12.170545453929332,145.14343591666466
2026-09-01 08:45:00,55.419867405823055,11962.887758781399,15.0,0.015,6.990127441736376,170.08362042803338
2026-09-01 09:00:00,30.230688458668535,8398.749637680661,15.0,0.015,2.2819156977586674,319.72368993041965
2026-09-01 09:15:00,19.883605700319194,12247.667715287615,15.0,0.015,3.024936574698691,372.8847417834577
2026-09-01 09:30:00,49.211651325607846,5653.5634079894235,15.0,0.015,4.506338599024701,227.09574541127412
2026-09-01 09:45:00,37.007624686980066,8152.903378306103,15.0,0.015,5.01933322680596,303.52165835258785
2026-09-01 10:00:00,21.10191174223894,10394.912923753373,15.0,0.015,17.012321156822757,379.7203539266405
2026-09-01 10:15:00,39.758845505563514,12907.231648389636,15.0,0.015,11.224455765650498,269.95317559503377
2026-09-01 10:30:00,16.71942605576092,8187.525029320699,15.0,0.015,10.467818227487328,398.171141294058
2026-09-01 10:45:00,60.4660201039391,11258.91376437009,15.0,0.015,2.2953774373843494,132.04427523503063
2026-09-01 11:00:00,27.938999080000848,13859.777482361871,15.0,0.015,17.2027938669887,365.52002370711693
2026-09-01 11:15:00,48.1261142176991,11158.631881823047,15.0,0.015,14.456286064169674,218.41120852666683
2026-09-01 11:30:00,30.58555380447055,7329.594747536337,15.0,0.015,1.3533672380000317,305.3655144522971
2026-09-01 11:45:00,41.00340105889054,5244.00781556538,15.0,0.015,14.156701944595373,267.233636954625
2026-09-01 12:00:00,42.33551396716398,13700.988739009299,15.0,0.015,10.870764346852921,270.8374548317061
2026-09-01 12:15:00,24.242722776276352,5212.694108503872,15.0,0.015,1.634506914935565,358.8528422277568
2026-09-01 12:30:00,63.47923138822793,13747.016726841994,15.0,0.015,9.166012830573129,126.63057403171986
2026-09-01 12:45:00,53.75664116805573,10289.371340272119,15.0,0.015,9.693925742600939,199.50031755895844
2026-09-01 13:00:00,61.97494707820945,14390.676985128961,15.0,0.015,3.315490803265515,126.58109786846533
2026-09-01 13:15:00,59.74136752138244,12987.832357736654,15.0,0.015,18.913962940005646,175.30489409682582
2026-09-01 13:30:00,44.89499894055426,14979.341105333375,15.0,0.015,16.99950742961324,289.730802570379
2026-09-01 13:45:00,61.093711751155844,8507.118154517102,15.0,0.015,13.380446746582166,180.30553876308448
2026-09-01 14:00:00,19.424625102595975,12671.88288931127,15.0,0.015,9.245911220012143,382.4503532705345
2026-09-01 14:15:00,24.79914312095726,9019.309136092423,15.0,0.015,8.235310831690171,380.1217492058244
2026-09-01 14:30:00,17.261364445526905,9798.756203039087,15.0,0.015,13.019469343019082,434.64170033025056
2026-09-01 14:45:00,31.266516538163216,11275.054632183701,15.0,0.015,10.908637388138109,316.99422621600763
2026-09-01 15:00:00,34.4338644844741,13736.771141863388,15.0,0.015,1.2454621176377123,308.16940198475373
2026-09-01 15:15:00,28.567451588694794,14840.834691992952,15.0,0.015,10.250052975406634,372.1643751948328
2026-09-01 15:30:00,56.436875457596464,12682.73413864518,15.0,0.015,16.12807234465679,176.7967198500686
2026-09-01 15:45:00,32.83766633467947,9177.667821673338,15.0,0.015,9.18479755193916,307.5810547805875
2026-09-01 16:00:00,29.046725484369038,9213.570022770702,15.0,0.015,1.0391315510853683,343.06283219860904
2026-09-01 16:15:00,42.13480415791243,12375.823015888915,15.0,0.015,15.725563987680662,282.7147326902715
2026-09-01 16:30:00,22.046211248738132,7387.771457683024,15.0,0.015,4.027275642719488,384.049427921603
2026-09-01 16:45:00,55.109849037701984,6104.741131313946,15.0,0.015,5.1724166977607755,184.79457741531712
2026-09-01 17:00:00,18.72753218398854,8546.221576407766,15.0,0.015,3.294127068645918,400.0834998472827
2026-09-01 17:15:00,64.34434683002587,7872.3899165408175,15.0,0.015,6.60430129742995,107.24543969003844
2026-09-01 17:30:00,53.61223846483287,7963.081204559901,15.0,0.015,15.1350301137727,224.3063950378699
2026-09-01 17:45:00,24.93578407670862,7336.077510499099,15.0,0.015,10.387717190078746,388.70457980632233
2026-09-01 18:00:00,15.27610585618012,5420.931896363619,15.0,0.015,4.097625483014252,413.0977546679274
2026-09-01 18:15:00,55.77307142274171,5178.739347334138,15.0,0.015,17.556601563040818,199.82262034242345
2026-09-01 18:30:00,50.34286719238086,14877.223897360316,15.0,0.015,17.591637099030585,210.15945850544017
2026-09-01 18:45:00,51.45035840204937,9277.731337358622,15.0,0.015,17.41156850092014,233.8348079298116
2026-09-01 19:00:00,53.56351733429729,8843.266471596817,15.0,0.015,4.775924227630785,196.75160607518998
2026-09-01 19:15:00,18.70223258670452,11796.472826930698,15.0,0.015,9.024786883619761,404.90331299202273
2026-09-01 19:30:00,32.923286427213625,7182.538878650642,15.0,0.015,19.699793122817503,358.72516808041075
2026-09-01 19:45:00,20.793452976256486,14499.611839502253,15.0,0.015,15.440249526199807,401.1086227301616
2026-09-01 20:00:00,58.155171293779674,12863.45014415552,15.0,0.015,0.5433484245111964,160.62475797474838
2026-09-01 20:15:00,46.1649063413779,5894.1100231225955,15.0,0.015,1.304091825209841,210.32378052177054
2026-09-01 20:30:00,31.54490124263246,9175.807757849285,15.0,0.015,9.278627536246656,328.934565353585
2026-09-01 20:45:00,18.177917514301182,13791.183075621648,15.0,0.015,18.184404117231203,424.6859892801128
2026-09-01 21:00:00,30.549116085783112,14447.320222914102,15.0,0.015,10.774035959054284,341.632994234024
2026-09-01 21:15:00,31.259166101337353,9674.015112498697,15.0,0.015,9.956250160685805,326.8145997808471
2026-09-01 21:30:00,51.480308916903205,11134.113892107078,15.0,0.015,2.1094739991326117,193.36500556177097
2026-09-01 21:45:00,46.87787356776066,6670.339460920753,15.0,0.015,13.135602094485881,257.39467035403044
2026-09-01 22:00:00,59.36063712881633,14911.686261369765,15.0,0.015,16.44206321200451,170.1688400925378
2026-09-01 22:15:00,38.610746258097464,7316.717013834434,15.0,0.015,7.608400150151247,259.4536662406375
2026-09-01 22:30:00,20.979712296915086,14427.317741351257,15.0,0.015,15.51223701850655,431.3899588186039
2026-09-01 22:45:00,50.66223936114975,11496.466489923685,15.0,0.015,19.289533078016234,255.32744116949124
2026-09-01 23:00:00,53.03925243084487,11077.367948788591,15.0,0.015,4.075329182553782,170.5312033534541
2026-09-01 23:15:00,43.063859878474815,10126.885110165087,15.0,0.015,10.466592623894826,272.8956430556187
2026-09-01 23:30:00,53.54835899772805,7306.698117177587,15.0,0.015,5.742759161691511,182.6507427787446
2026-09-01 23:45:00,39.689779818219534,6765.2803200550825,15.0,0.015,15.857088380676787,297.52780608200226
2026-09-02 00:00:00,41.1366414690997,7204.862090701754,15.0,0.015,11.55186731762315,280.6972477558505
2026-09-02 00:15:00,36.37705091792748,6864.382621442545,15.0,0.015,12.691648351006075,303.60487418970246
2026-09-02 00:30:00,16.27095633720476,12795.844735667533,15.0,0.015,15.958283192317882,422.53434337761126
2026-09-02 00:45:00,20.39457134966522,8501.2525916673,15.0,0.015,7.919409453249098,383.113275023763
2026-09-02 01:00:00,16.57145928433671,5578.426765633963,15.0,0.015,18.301801368140865,423.4319682980428
2026-09-02 01:15:00,46.82052056318902,14691.026301408114,15.0,0.015,10.6605773449228,227.92069818725477
2026-09-02 01:30:00,30.717799053816336,13837.858849634256,15.0,0.015,3.15909645670696,321.0037242397756
2026-09-02 01:45:00,40.42853455823514,14277.52283195213,15.0,0.015,13.91798236337605,274.5283575406799
2026-09-02 02:00:00,60.37832369630465,14949.078226464353,15.0,0.015,15.865227008765089,179.6912928253916
2026-09-02 02:15:00,27.464611457443745,6738.952492194873,15.0,0.015,6.335233541350533,370.1914906680775
2026-09-02 02:30:00,35.519146151781484,8962.420189026587,15.0,0.015,17.14358513997506,312.47149474871054
2026-09-02 02:45:00,52.77755692715243,12582.384757040913,15.0,0.015,18.122865095315326,223.1714561357467
2026-09-02 03:00:00,26.43990827458112,11960.206180537924,15.0,0.015,5.538089747556178,359.9320065021696
2026-09-02 03:15:00,18.84899549143965,6538.959063398551,15.0,0.015,19.67042945430444,433.3269200237601
2026-09-02 03:30:00,29.487572645688402,13158.331249906178,15.0,0.015,2.8142305609751683,329.84235426656124
2026-09-02 03:45:00,23.061064362700222,7244.405718366606,15.0,0.015,4.0403133680498,380.8544768352941
2026-09-02 04:00:00,61.484882617128655,7238.176148226231,15.0,0.015,3.6844967847605226,145.69343215695898
2026-09-02 04:15:00,55.40601897822085,10369.744228934136,15.0,0.015,17.87979420015741,184.75853819608025
2026-09-02 04:30:00,46.67018782552117,10929.399348417031,15.0,0.015,13.085851046499236,259.1879161057106
2026-09-02 04:45:00,58.57302950938588,10800.862078378112,15.0,0.015,3.0420856644454575,167.95535683157675
2026-09-02 05:00:00,55.18360384495573,5914.868373977549,15.0,0.015,8.80646836736698,175.06202210232084
2026-09-02 05:15:00,24.328502944301793,13774.608626303803,15.0,0.015,12.30596050139604,379.20997086869534
2026-09-02 05:30:00,59.627949924498886,7656.000425887061,15.0,0.015,1.6692816997876658,155.82079874474806
2026-09-02 05:45:00,41.96711209578254,6295.1492128280415,15.0,0.015,17.648327368146774,280.35427486790786
2026-09-02 06:00:00,55.372007758203125,13887.480798689772,15.0,0.015,16.072070708830704,216.00676558493285
2026-09-02 06:15:00,59.80456499617466,14556.514982297535,15.0,0.015,10.104135471532764,196.838968385308
2026-09-02 06:30:00,30.900173748593193,13621.276172654507,15.0,0.015,19.342532305183408,341.49423162928287
2026-09-02 06:45:00,20.502596226383837,13095.160747248781,15.0,0.015,8.355219585501994,372.9791927653944
2026-09-02 07:00:00,26.396758127097083,11552.419806390219,15.0,0.015,19.682206380729955,385.5411429329505
2026-09-02 07:15:00,36.355389431312815,10508.573706091393,15.0,0.015,13.35839997607254,319.40790094116034
2026-09-02 07:30:00,55.90073829612466,5869.867599114102,15.0,0.015,12.693425465078828,186.51942554573816
2026-09-02 07:45:00,58.036529162817175,9084.532130706986,15.0,0.015,3.3190979059157,180.21793078474386
2026-09-02 08:00:00,15.347606526559535,8726.88517012314,15.0,0.015,17.63855516609288,423.1123841769798
2026-09-02 08:15:00,40.537365128878285,7597.537837603262,15.0,0.015,8.549793758412303,284.2691760890291
2026-09-02 08:30:00,35.87055015743895,12234.20113688585,15.0,0.015,3.244668115649587,282.17812297528206
2026-09-02 08:45:00,26.105390523536514,9958.757350787708,15.0,0.015,0.2521503995151808,369.66262625092077
2026-09-02 09:00:00,20.99326836668414,5810.462159076479,15.0,0.015,11.19511367276765,426.31834744295224
2026-09-02 09:15:00,31.8807585701814,7201.832019498113,15.0,0.015,10.547992442453527,318.31158464706846
2026-09-02 09:30:00,62.14548519562596,11832.58763659596,15.0,0.015,14.387072447383172,147.65787668238187
2026-09-02 09:45:00,31.160146601037763,5761.308594903002,15.0,0.015,17.805161060356042,361.54326081918254
2026-09-02 10:00:00,40.939531087168305,13512.069140487687,15.0,0.015,1.5881316928605904,251.73211711586862
2026-09-02 10:15:00,50.15094794475889,9951.465270139743,15.0,0.015,14.629929806807247,227.67300367607754
2026-09-02 10:30:00,33.1814801189647,9805.86577326648,15.0,0.015,3.7482388819516443,308.78842335825124
2026-09-02 10:45:00,63.589104136048036,10924.077846595177,15.0,0.015,17.163541063143278,123.99735996703347
2026-09-02 11:00:00,63.122364747105564,13246.809659251492,15.0,0.015,16.38127027723312,153.8207858804193
2026-09-02 11:15:00,27.58911479126821,8478.092079021932,15.0,0.015,10.815875099710887,345.7511448408499
2026-09-02 11:30:00,39.86242529461927,11780.161525590636,15.0,0.015,14.20485597246623,281.83831784122026
2026-09-02 11:45:00,30.043915490838483,10657.31963995791,15.0,0.015,6.287002263674967,353.9649916343513
2026-09-02 12:00:00,29.24202471887338,7670.282701694214,15.0,0.015,9.423357978656293,324.5469642298835
2026-09-02 12:15:00,16.84434736772664,13786.29986355158,15.0,0.015,16.432737954209433,443.9974695032787
2026-09-02 12:30:00,45.47821669899484,12974.26021606928,15.0,0.015,9.185303943464278,241.3168637379824
2026-09-02 12:45:00,40.13395116144308,11584.518346584255,15.0,0.015,7.155965306508836,269.3118211169217
2026-09-02 13:00:00,17.573937562499466,13505.81729094242,15.0,0.015,9.884248945005998,426.18045095579083
2026-09-02 13:15:00,28.93232321183057,13672.942009598024,15.0,0.015,16.56498504874437,364.63680024503867
2026-09-02 13:30:00,60.41329429833269,12083.629767150349,15.0,0.015,6.704160947417455,159.48775106313175
2026-09-02 13:45:00,26.97809453334862,13370.13328363672,15.0,0.015,3.475231862714876,359.604666433331
2026-09-02 14:00:00,22.244743604561155,11974.714616692836,15.0,0.015,14.240280406615614,390.0424734381145
2026-09-02 14:15:00,39.472638013878154,11801.407717603004,15.0,0.015,16.519564254161637,287.01974940743816
2026-09-02 14:30:00,64.28252270553003,11186.113782151842,15.0,0.015,2.0127495704706666,102.0531050093942
2026-09-02 14:45:00,27.10276357557502,12527.166395576412,15.0,0.015,4.7974822551188945,334.5972251071033
2026-09-02 15:00:00,48.606777370293926,6586.051052930738,15.0,0.015,2.839439795219878,258.27463174830706
2026-09-02 15:15:00,53.08098076643588,13808.707591989285,15.0,0.015,6.9588282316433325,214.10196557572323
2026-09-02 15:30:00,26.881877199619986,13718.43527745232,15.0,0.015,9.007019578108252,336.4566604653763
2026-09-02 15:45:00,51.41081743059298,5292.472830345591,15.0,0.015,14.976526739266129,201.65127954382083
2026-09-02 16:00:00,33.389156635962664,13258.167505647627,15.0,0.015,13.022951697633482,332.9389545052683
2026-09-02 16:15:00,46.61529152967897,6288.698674734452,15.0,0.015,12.418571349568623,253.35436548173297
2026-09-02 16:30:00,46.67648553804473,8351.188542591419,15.0,0.015,7.047498932193088,242.2693421658783
2026-09-02 16:45:00,41.788734203737924,12435.082562916079,15.0,0.015,16.8289510616952,279.10115999765736
2026-09-02 17:00:00,19.514488502720415,6607.598960483082,15.0,0.015,9.42574334796329,399.8827417795606
2026-09-02 17:15:00,56.7651247794619,13179.670241190623,15.0,0.015,19.58209876030309,203.49164170622515
2026-09-02 17:30:00,31.03900324858679,13321.341779577418,15.0,0.015,12.682842765914737,340.4200611347087
2026-09-02 17:45:00,24.325925519992712,10074.677337608362,15.0,0.015,2.5252948312900547,325.80553095141084
2026-09-02 18:00:00,17.038757077738197,5063.858717168336,15.0,0.015,13.523551241508681,421.36756555796023
2026-09-02 18:15:00,44.544647159412094,7870.381331749128,15.0,0.015,6.50208030863398,232.96518114689067
2026-09-02 18:30:00,48.87821809211412,11169.269183757422,15.0,0.015,13.726543933721949,236.8119505983869
2026-09-02 18:45:00,15.829391446392808,14811.861780274236,15.0,0.015,1.3928229632481148,452.5881822871905
2026-09-02 19:00:00,40.60465291496405,11318.135270166684,15.0,0.015,3.4976287435191877,268.87956497936864
2026-09-02 19:15:00,26.324788759896897,7598.035810641598,15.0,0.015,17.114745178115726,371.5778125042641
2026-09-02 19:30:00,47.25863952047249,11340.057030996113,15.0,0.015,4.543591140470298,239.36236768776442
2026-09-02 19:45:00,23.718321450249572,10399.853797158554,15.0,0.015,16.7408225048588,398.41203461635837
2026-09-02 20:00:00,49.546886905123294,12798.453951511436,15.0,0.015,5.585521769088208,220.19113946421427
2026-09-02 20:15:00,34.33676731502687,6069.806388269584,15.0,0.015,12.857638201174153,328.7974314104221
2026-09-02 20:30:00,61.836499436836725,12610.27902502028,15.0,0.015,13.883011470196621,187.59517979181604
2026-09-02 20:45:00,21.876047207299663,10412.665786761103,15.0,0.015,10.253095062901059,372.28658035211544
2026-09-02 21:00:00,32.05331755251292,14629.920038589946,15.0,0.015,6.106213533934626,326.99700290496355
2026-09-02 21:15:00,20.673676062029454,8418.721660386862,15.0,0.015,4.252887527421922,370.5680017329441
2026-09-02 21:30:00,61.23468091392814,11326.218931339481,15.0,0.015,0.6637870912485244,142.25217839406196
2026-09-02 21:45:00,58.86696766904905,14320.281055100175,15.0,0.015,6.078928024814476,145.1757523630432
2026-09-02 22:00:00,27.89708138575778,6025.097279906793,15.0,0.015,13.06325581062566,352.4835211026284
2026-09-02 22:15:00,47.999202301708955,14372.284872364511,15.0,0.015,18.766096368969652,245.11063021411698
2026-09-02 22:30:00,55.86111001006079,11878.857223008134,15.0,0.015,17.42408964526104,214.31877002032797
2026-09-02 22:45:00,42.760040579973115,5678.370591051719,15.0,0.015,15.321295530706053,287.8591642407097
2026-09-02 23:00:00,41.48252891780032,8009.635669468163,15.0,0.015,15.768946865065974,263.95695957663423
2026-09-02 23:15:00,27.092614545022585,12081.720886452815,15.0,0.015,13.299698069519906,364.867720533902
2026-09-02 23:30:00,19.65513839029496,5673.506014687717,15.0,0.015,5.20573715132006,381.83694613963274
2026-09-02 23:45:00,59.860787897666334,10821.704601762733,15.0,0.015,18.143900614116596,158.2455001821052
2026-09-03 00:00:00,60.02090285816652,8458.830569529568,15.0,0.015,13.414646238116681,163.4486195708687
2026-09-03 00:15:00,46.65507286366339,11209.155177674771,15.0,0.015,11.2088126196088,237.8599462304
2026-09-03 00:30:00,31.951489552435035,5457.420338125128,15.0,0.015,2.2197893842696215,349.13138874911186
2026-09-03 00:45:00,32.46047873063304,13715.368061523763,15.0,0.015,8.941110876128509,329.6137467488692
2026-09-03 01:00:00,51.297783943511966,14734.88969177397,15.0,0.015,9.207165424038525,189.9633646756917
2026-09-03 01:15:00,59.85551299762886,14688.778552856915,15.0,0.015,17.291272190453398,166.97785633256953
2026-09-03 01:30:00,59.354321213255865,12496.518317429247,15.0,0.015,10.932964403755769,181.06075095941733
2026-09-03 01:45:00,53.99377729288119,6300.86240130632,15.0,0.015,7.608010979408193,222.5799997945781
2026-09-03 02:00:00,47.10158230771439,12582.631959290225,15.0,0.015,19.536006570213186,232.67276961057064
2026-09-03 02:15:00,19.20699824975244,5245.869164588015,15.0,0.015,2.2144118665263135,360.9879684574523
2026-09-03 02:30:00,23.081435704730687,5221.235515289973,15.0,0.015,8.450968566238892,406.4778005346704
2026-09-03 02:45:00,59.927709426353964,8236.102191495413,15.0,0.015,0.8404935034281058,147.958943109296
2026-09-03 03:00:00,45.321452982979494,9886.431904046658,15.0,0.015,14.798082415338607,244.64305595465476
2026-09-03 03:15:00,15.459852580831482,12704.074178077932,15.0,0.015,18.361531043983014,451.98338289481364
2026-09-03 03:30:00,20.073577143301605,11832.953766065053,15.0,0.015,5.600746591009789,351.2238142369568
2026-09-03 03:45:00,48.17508845540279,9459.027063767484,15.0,0.015,17.166833535982416,245.3337689385055
2026-09-03 04:00:00,15.253079192310935,7736.266662816659,15.0,0.015,5.844364609237955,425.08757165725655
2026-09-03 04:15:00,23.04040257087493,14971.245001577112,15.0,0.015,18.215403232878305,412.0524431335745
2026-09-03 04:30:00,42.436689468329305,9261.813022359729,15.0,0.015,15.079238071935679,260.32990004950744
2026-09-03 04:45:00,49.59475988463466,9513.870243296755,15.0,0.015,16.09813553682877,235.9130191869
2026-09-03 05:00:00,47.59806297513003,6636.238211916692,15.0,0.015,0.36013111200909,201.2505149823442
2026-09-03 05:15:00,26.213465473027988,12948.095487499293,15.0,0.015,19.25620714148052,385.0623777799079
2026-09-03 05:30:00,50.6089610673768,11936.822257814885,15.0,0.015,14.533419841406465,211.9828784431068
2026-09-03 05:45:00,26.862454374840006,7207.696127887604,15.0,0.015,6.095021907722666,344.893804979002
2026-09-03 06:00:00,31.269984907963387,5823.810456158427,15.0,0.015,16.58789329717694,330.6186462247202
2026-09-03 06:15:00,52.32457025590121,11804.99302074713,15.0,0.015,5.630423968298599,207.08047002854485
2026-09-03 06:30:00,47.48164495236073,11545.112142811351,15.0,0.015,17.455076791322558,262.8970506183307
2026-09-03 06:45:00,57.4611705247089,7732.595269982094,15.0,0.015,2.2516078082387403,156.21688391886292
2026-09-03 07:00:00,47.88064461501717,14508.635622504104,15.0,0.015,14.073719549215916,241.43714133272925
2026-09-03 07:15:00,43.41543016677358,6510.578917809003,15.0,0.015,10.813969532898206,239.40648684565173
2026-09-03 07:30:00,19.683738391404624,9323.34801042602,15.0,0.015,1.9306894039088163,381.2637987392881
2026-09-03 07:45:00,33.38579015297168,14436.15920167599,15.0,0.015,4.83787656517678,308.6079429568973
2026-09-03 08:00:00,28.260118384086272,9197.273169261223,15.0,0.015,0.2480807255462958,370.24734751202453
2026-09-03 08:15:00,27.199482168954177,11385.259476640855,15.0,0.015,9.375359309290117,338.8743202182427
2026-09-03 08:30:00,63.65052773762228,8975.943979627942,15.0,0.015,6.0253052152000075,152.11010258595292
2026-09-03 08:45:00,34.65488623333802,7742.1520234867,15.0,0.015,11.967149685955176,330.95786357386936
2026-09-03 09:00:00,59.602327758855665,14839.776479598282,15.0,0.015,5.944756154172344,158.48509182256274
2026-09-03 09:15:00,46.556931299863145,9093.34006315043,15.0,0.015,5.998382230139693,259.03448392402754
2026-09-03 09:30:00,54.74056517708242,13940.992036791344,15.0,0.015,14.863863974632068,206.86591897587255
2026-09-03 09:45:00,40.1318546552596,7299.5460589108625,15.0,0.015,0.962856719567069,266.9719734425954
2026-09-03 10:00:00,43.845194231317954,7131.047040250833,15.0,0.015,18.057899903839743,272.24782462450855
2026-09-03 10:15:00,39.625884690943195,5311.340828845114,15.0,0.015,17.04527748782363,314.6887800662675
2026-09-03 10:30:00,24.762149389902227,11516.66825375885,15.0,0.015,13.35609366452813,394.5863294968061
2026-09-03 10:45:00,51.12260576307526,8685.263437237612,15.0,0.015,11.864431402147686,207.6080689134006
2026-09-03 11:00:00,29.03861812204279,13643.58249839637,15.0,0.015,17.846049962793046,341.67168327434786
2026-09-03 11:15:00,16.21579832157269,9732.099066915573,15.0,0.015,3.706603590574289,407.07370769077755
2026-09-03 11:30:00,47.27361479535839,14681.934279147217,15.0,0.015,1.5793832438165722,207.5164992495181
2026-09-03 11:45:00,23.855533970352447,6855.255157031212,15.0,0.015,4.790203398190762,365.4943343550365
2026-09-03 12:00:00,62.02292921764572,13686.231679556107,15.0,0.015,15.891565574003806,178.2071278623954
2026-09-03 12:15:00,62.696428850129365,12765.968527917417,15.0,0.015,0.6934053345296665,118.34871274198129
2026-09-03 12:30:00,60.743219511022424,12709.21844644052,15.0,0.015,11.656136701669793,158.21060561753143
2026-09-03 12:45:00,33.50793501277222,13447.832281168876,15.0,0.015,19.908750323826197,339.6402315931451
2026-09-03 13:00:00,15.772830826443371,12610.239909429989,15.0,0.015,17.113921876750787,452.31732202792057
2026-09-03 13:15:00,61.415928129386266,11262.203216314154,15.0,0.015,10.428913780871788,118.6589187756569
2026-09-03 13:30:00,36.409207415865716,6312.448776823876,15.0,0.015,1.2728181857328469,274.989887454792
2026-09-03 13:45:00,63.33274095218348,5325.261794912519,15.0,0.015,16.627470287714196,156.42775024651965
2026-09-03 14:00:00,63.18099885446264,14208.478478156869,15.0,0.015,11.97957016354421,162.87433154671547
2026-09-03 14:15:00,57.650472773368,11166.503145207382,15.0,0.015,2.2986599411913367,151.31594652958157
2026-09-03 14:30:00,29.722444603479282,12965.372909761763,15.0,0.015,1.877145696467124,297.27133318143046
2026-09-03 14:45:00,34.25488643009626,9815.2235151255,15.0,0.015,18.19253638873185,340.15142588637815
2026-09-03 15:00:00,57.556833575842845,6173.081889623945,15.0,0.015,13.384005258761569,171.89657323008166
2026-09-03 15:15:00,30.846100257813884,6251.857922025504,15.0,0.015,16.58573598633511,330.24987053943147
2026-09-03 15:30:00,23.474637334304624,11855.652872289713,15.0,0.015,17.579578005645345,384.94615115976455
2026-09-03 15:45:00,42.840063122917506,9303.058948994627,15.0,0.015,11.435447040966444,263.0626349795901
2026-09-03 16:00:00,61.80773870803905,7005.247267003368,15.0,0.015,10.348927035100825,140.78025185389419
2026-09-03 16:15:00,49.80148983374865,9915.945467414369,15.0,0.015,8.608548206419805,185.32466655386168
2026-09-03 16:30:00,43.50305850446825,5642.0893707513405,15.0,0.015,6.338931755822386,265.11550543814224
2026-09-03 16:45:00,19.858824688538427,10819.714019143987,15.0,0.015,8.691919217174235,417.35401592229874
2026-09-03 17:00:00,45.750361334958484,7689.934044350977,15.0,0.015,15.477593114603128,266.225848089548
2026-09-03 17:15:00,64.50269250521316,12975.59100637188,15.0,0.015,12.03846862030263,119.99549715295406
2026-09-03 17:30:00,22.0042007618262,8103.619589235737,15.0,0.015,17.850465799096924,400.6533540180239
2026-09-03 17:45:00,40.91648261818683,9552.201490818012,15.0,0.015,8.867600287583755,272.1384851376046
2026-09-03 18:00:00,58.86865359639777,5116.205399081006,15.0,0.015,12.14179157437508,180.05357741379217
2026-09-03 18:15:00,52.03843088771022,5724.468877945589,15.0,0.015,12.626151061839774,223.04682412818943
2026-09-03 18:30:00,49.8507870497634,8924.935564066847,15.0,0.015,11.83394324612651,213.5505572119952
2026-09-03 18:45:00,50.12420419935546,9799.388347171236,15.0,0.015,14.052675461710326,228.5900590734913
2026-09-03 19:00:00,32.97455756098776,11000.205481193037,15.0,0.015,4.748669367496126,318.5091994382943
2026-09-03 19:15:00,29.679592213224666,7916.625787093032,15.0,0.015,10.247275550915813,364.2543326546852
2026-09-03 19:30:00,55.46805777392568,11949.818861265427,15.0,0.015,2.0844960561669534,181.9282435661507
2026-09-03 19:45:00,55.50566973395904,13601.223971892046,15.0,0.015,7.690226552896251,194.1822850126711
2026-09-03 20:00:00,58.35361592900519,12798.509888933499,15.0,0.015,9.753341372425288,170.64238658975984
2026-09-03 20:15:00,60.66202762782356,5396.188253483571,15.0,0.015,13.04448519090945,183.2736917929301
2026-09-03 20:30:00,40.56711994304689,9805.069472578289,15.0,0.015,19.01062105172407,300.7649643845592
2026-09-03 20:45:00,40.07581473435998,6049.301784181749,15.0,0.015,12.013021330967117,270.65483560317085
2026-09-03 21:00:00,54.91475894833876,7420.4501586252745,15.0,0.015,14.871878323531195,221.30575250890772
2026-09-03 21:15:00,47.49819653888826,14866.625932671464,15.0,0.015,10.125321189904055,245.730012234564
2026-09-03 21:30:00,50.098343862885166,6424.955429015132,15.0,0.015,12.682080627526627,218.12843776081505
2026-09-03 21:45:00,54.789633471805054,9988.88153451356,15.0,0.015,1.4186443226754686,166.90709330353192
2026-09-03 22:00:00,59.50026709087832,11181.55734318119,15.0,0.015,5.08783161683694,157.62269386551537
2026-09-03 22:15:00,31.89975784257679,12024.64970544104,15.0,0.015,7.237061864102774,330.0233486017585
2026-09-03 22:30:00,33.779147631997205,10596.486834869142,15.0,0.015,9.449867100130271,319.1842323927454
2026-09-03 22:45:00,19.69909699204345,5097.708474191837,15.0,0.015,0.9129749100476747,388.3009979694779
2026-09-03 23:00:00,43.9140070498087,8264.613082439919,15.0,0.015,2.8004819510663537,267.6162822219262
2026-09-03 23:15:00,16.797113689837104,10177.116433847114,15.0,0.015,5.536286155826115,426.3630374561528
2026-09-03 23:30:00,38.27990090662301,5878.664991448333,15.0,0.015,19.430653818021014,312.04143606527936
2026-09-03 23:45:00,42.13223173537883,8506.269312091808,15.0,0.015,6.626940142061015,274.58014858336134
2026-09-04 00:00:00,29.32706260641422,5332.031087913666,15.0,0.015,9.64082116224165,327.83140813308484
2026-09-04 00:15:00,44.541663028450536,5785.784971550207,15.0,0.015,3.9219542547678587,246.5628360880346
2026-09-04 00:30:00,16.52501249695247,8969.232762015961,15.0,0.015,12.215601421515366,452.42072310731254
2026-09-04 00:45:00,16.867409437460722,6327.157540430604,15.0,0.015,5.613664310319486,406.75218356498897
2026-09-04 01:00:00,56.13002803298291,10675.408482615581,15.0,0.015,4.1398515687685356,158.78502601035333
2026-09-04 01:15:00,33.00953207056314,11894.649691372659,15.0,0.015,10.33145256891958,312.8243793855644
2026-09-04 01:30:00,21.35302563259424,13005.866991090828,15.0,0.015,0.11011598320841642,355.7575826107156
2026-09-04 01:45:00,41.11216300274022,7001.502442448101,15.0,0.015,0.15328065298450655,241.86215466761215
2026-09-04 02:00:00,53.499677654930544,6674.8258225906975,15.0,0.015,4.3813761820371555,182.20706495564062
2026-09-04 02:15:00,25.79105137484216,6045.678403344003,15.0,0.015,0.7344272500164228,325.6390409633002
2026-09-04 02:30:00,46.14452379095002,11364.302495436368,15.0,0.015,2.1605150826138275,227.6881624287716
2026-09-04 02:45:00,19.2673732496884,12064.757264869011,15.0,0.015,6.777212986775032,411.48434408221937
2026-09-04 03:00:00,17.584086058430387,5315.861448256421,15.0,0.015,16.051713591596258,412.98256813040643
2026-09-04 03:15:00,41.567731578407404,14362.122462436899,15.0,0.015,11.440972867386016,296.2648151189542
2026-09-04 03:30:00,42.031756080505325,5519.712836514724,15.0,0.015,10.253354519128328,275.9780538831386
2026-09-04 03:45:00,46.87149507491033,10412.963353010706,15.0,0.015,5.869776464162433,245.96929126322377
2026-09-04 04:00:00,51.30456668613308,12090.605194509164,15.0,0.015,18.635074388656328,219.57523035273215
2026-09-04 04:15:00,63.79260397312673,13709.691237460856,15.0,0.015,7.940300824743833,145.94285621672654
2026-09-04 04:30:00,40.81501741505977,12140.869321324277,15.0,0.015,1.7418553359154298,242.21459767554254
2026-09-04 04:45:00,31.1478236470623,13017.280830697919,15.0,0.015,12.341330322356026,351.1494312748859
2026-09-04 05:00:00,54.759309738435185,8394.50192542806,15.0,0.015,2.276767869532028,178.5752674053559
2026-09-04 05:15:00,28.541612563103712,13148.251137465122,15.0,0.015,6.904462856033842,350.85801863321717
2026-09-04 05:30:00,36.9485710352818,5801.148463846752,15.0,0.015,10.148238774356177,280.9711322526488
2026-09-04 05:45:00,18.9228190671133,13948.166560605276,15.0,0.015,17.484450493703516,408.0059389505781
2026-09-04 06:00:00,16.267537170772876,10475.923761537362,15.0,0.015,9.870931606802372,431.0950634627682
2026-09-04 06:15:00,63.132420733896254,13172.977699624937,15.0,0.015,14.045175320633286,135.07060617452606
2026-09-04 06:30:00,56.79900602561029,9523.182845183,15.0,0.015,19.856336779981408,205.8667317877879
2026-09-04 06:45:00,49.798710304684896,11435.77695196525,15.0,0.015,2.6297823979596324,185.96023587090622
2026-09-04 07:00:00,35.44764722071349,10264.026609361132,15.0,0.015,5.49463051039039,311.0259908864998
2026-09-04 07:15:00,23.66471600354229,12315.89521755332,15.0,0.015,7.891521511952928,355.30689728112446
2026-09-04 07:30:00,22.8218521335543,5816.299820305896,15.0,0.015,8.436563570776627,388.2265134054203
2026-09-04 07:45:00,27.512144908229764,5603.520839905638,15.0,0.015,8.220421505310915,360.7524375659333
2026-09-04 08:00:00,42.46133323530603,7471.032340101465,15.0,0.015,18.1522200511311,271.0848634139824
2026-09-04 08:15:00,50.72979613500312,6595.446801131883,15.0,0.015,14.280652889337128,232.91292747492645
2026-09-04 08:30:00,48.009868835886564,13717.835665922017,15.0,0.015,12.158104281814076,240.16362949831208
2026-09-04 08:45:00,28.996694847297142,7192.139873580443,15.0,0.015,6.187454357255642,330.3121117878373
2026-09-04 09:00:00,62.743264033159704,14758.652558191314,15.0,0.015,16.475807684425895,141.36371090875042
2026-09-04 09:15:00,51.89484583478843,8368.957917711068,15.0,0.015,19.101210229699777,197.39396007558034
2026-09-04 09:30:00,42.717702625570034,6821.179156886993,15.0,0.015,16.42396565100453,281.78646625808426
2026-09-04 09:45:00,45.58603731171761,12896.985071424791,15.0,0.015,0.03130210382945808,203.0743387669224
2026-09-04 10:00:00,35.980003121389494,11587.077755008762,15.0,0.015,12.72802740366814,311.00619907061895
2026-09-04 10:15:00,27.386549475057873,9981.95716453139,15.0,0.015,1.0227076288420145,333.7743951661031
2026-09-04 10:30:00,32.79863393256308,10553.635509376312,15.0,0.015,5.152144406674437,323.69962684954334
2026-09-04 10:45:00,52.892305523218454,12192.017782722638,15.0,0.015,1.1904940069554337,180.4964723822522
2026-09-04 11:00:00,15.719674431487793,7284.547413312987,15.0,0.015,12.075909058987754,424.8920547338423
2026-09-04 11:15:00,20.803632025345813,14963.339160567419,15.0,0.015,13.731798269852135,413.61986495195384
2026-09-04 11:30:00,17.300132101087637,14747.931621467831,15.0,0.015,2.2897527613181023,405.80458335237216
2026-09-04 11:45:00,17.03644011594851,11503.256863469369,15.0,0.015,7.67677766089959,417.8772539838498
2026-09-04 12:00:00,57.77302920055036,6995.424509291452,15.0,0.015,9.124730179110841,178.6502990020474
2026-09-04 12:15:00,50.18289296900118,11802.282424312914,15.0,0.015,7.381060435218332,190.631181208323
2026-09-04 12:30:00,38.70869145436626,5721.984089791758,15.0,0.015,2.420500009703861,283.9406814930149
2026-09-04 12:45:00,19.891708032550074,5306.525022058061,15.0,0.015,8.378955803749509,406.59469532240263
2026-09-04 13:00:00,39.58079375584162,7576.828885112137,15.0,0.015,15.023560956168362,277.31211244863954
2026-09-04 13:15:00,38.67358853902829,9626.229567393162,15.0,0.015,1.4201532906651093,267.13756824204745
2026-09-04 13:30:00,23.66009349550076,13682.725054083805,15.0,0.015,1.603600281638069,360.6570302758571
2026-09-04 13:45:00,36.69258246189865,12271.69069766308,15.0,0.015,7.095425836719684,292.0179051360215
2026-09-04 14:00:00,34.92523671986867,12427.06521199981,15.0,0.015,18.834514232378503,333.125507644073
2026-09-04 14:15:00,45.79250490261082,9254.933344480753,15.0,0.015,13.371452934458281,273.45837818071936
2026-09-04 14:30:00,46.75468254338219,8459.349925469629,15.0,0.015,13.573399133451296,262.8452039217019
2026-09-04 14:45:00,17.265200488602225,8710.387629846027,15.0,0.015,7.238399816757299,391.20230880043016
2026-09-04 15:00:00,33.73063073132356,14876.495637360578,15.0,0.015,11.873215824170769,330.6936971149909
2026-09-04 15:15:00,46.292995785711824,5401.091914124825,15.0,0.015,0.20262368055486757,242.5812724398699
2026-09-04 15:30:00,40.15681292900439,13670.314961224485,15.0,0.015,12.721920928190844,290.3050920926934
2026-09-04 15:45:00,57.824492059416116,10786.754085723933,15.0,0.015,18.265738951524735,205.94923192434229
2026-09-04 16:00:00,47.93468158094725,9386.154191895905,15.0,0.015,12.251469366896384,267.0789059336208
2026-09-04 16:15:00,23.146721354071484,12252.576604151365,15.0,0.015,17.473971869326903,411.4232588058296
2026-09-04 16:30:00,18.528437370021493,9866.689414247028,15.0,0.015,14.479461109321877,421.52792693314075
2026-09-04 16:45:00,47.12096391031578,13734.232380816606,15.0,0.015,2.411168328073805,237.77288030552418
2026-09-04 17:00:00,16.32556552708109,14007.018640112585,15.0,0.015,18.049066145716836,440.3180566254005
2026-09-04 17:15:00,44.28877906367316,9217.209268734554,15.0,0.015,1.3288768871154977,237.28362504146637
2026-09-04 17:30:00,62.01151207124788,7768.2779723505155,15.0,0.015,10.679349450955275,144.01841293871726
2026-09-04 17:45:00,43.77370889379395,10923.503285933622,15.0,0.015,2.8427424758691533,266.4944319714562
2026-09-04 18:00:00,34.4084963103261,14123.63345616691,15.0,0.015,0.2341322146180813,281.74085657814953
2026-09-04 18:15:00,47.16441092211766,7106.6218900566655,15.0,0.015,8.44068520255278,256.88042074257135
2026-09-04 18:30:00,37.91264452457583,11229.665835634827,15.0,0.015,5.900814153083125,291.82372301481684
2026-09-04 18:45:00,42.280839465796745,11315.602200925205,15.0,0.015,9.72000987595206,244.76539033509454
2026-09-04 19:00:00,62.07324043882626,12331.13022415281,15.0,0.015,11.543997734691017,156.16329223129577
2026-09-04 19:15:00,34.30513189003871,6315.676851272598,15.0,0.015,0.8747814461789472,264.41837393735125
2026-09-04 19:30:00,63.05952819119571,12158.249646820885,15.0,0.015,2.4600659024749127,135.9455829102411
2026-09-04 19:45:00,60.26753209780318,14090.32520665641,15.0,0.015,11.172847929008507,174.01897551603278
2026-09-04 20:00:00,24.78955673946482,6796.83108870242,15.0,0.015,6.863347063453165,356.10401435533663
2026-09-04 20:15:00,18.468065043758273,7375.433249238777,15.0,0.015,14.58346975098896,420.211764678762
2026-09-04 20:30:00,20.03890006887133,14713.950940416396,15.0,0.015,13.045832971838793,435.17062703670393
2026-09-04 20:45:00,15.911091282577486,6809.769527094898,15.0,0.015,16.912087259798135,430.77142626020236
2026-09-04 21:00:00,19.72214803779642,13543.85093369579,15.0,0.015,13.849856533384505,393.48321103414145
2026-09-04 21:15:00,49.150338670817845,9922.778564480348,15.0,0.015,8.598621547802964,244.52016210763787
2026-09-04 21:30:00,18.55943242301145,7472.310744031771,15.0,0.015,13.459332447888649,445.0008782156705
2026-09-04 21:45:00,30.948781514688065,13707.499012725113,15.0,0.015,5.50762348510837,325.3779929598061
2026-09-04 22:00:00,57.24376554847273,9453.052550026656,15.0,0.015,6.126269975564254,183.9618921914175
2026-09-04 22:15:00,16.16359678679129,10148.173539296902,15.0,0.015,15.779703198415866,454.6999644090472
2026-09-04 22:30:00,55.72342412944679,8592.333693997658,15.0,0.015,8.928390328031643,172.37897239130677
2026-09-04 22:45:00,29.092738738669997,10929.508514349274,15.0,0.015,15.96760681036705,350.0991936581961
2026-09-04 23:00:00,20.908241381082814,6635.238725850228,15.0,0.015,16.44844747336557,425.9105643575553
2026-09-04 23:15:00,49.836858268207536,8910.815366517607,15.0,0.015,17.151246753225674,260.5565580778338
2026-09-04 23:30:00,46.4471423389942,14694.123223352875,15.0,0.015,18.332704716824146,266.42576830229837
2026-09-04 23:45:00,58.873600676352645,7581.3343270112755,15.0,0.015,8.619704410265925,150.80058945988517
2026-09-05 00:00:00,51.75355219019429,11567.366645412923,15.0,0.015,6.377336366422776,232.03927626717143
2026-09-05 00:15:00,55.17404651924243,8251.900642246948,15.0,0.015,11.643974931882276,184.2791072811305
2026-09-05 00:30:00,29.101728628565326,12734.731256866005,15.0,0.015,7.423448468752552,335.2094584485414
2026-09-05 00:45:00,23.871977188986143,6308.736607183499,15.0,0.015,12.021483336004659,385.94617105543676
2026-09-05 01:00:00,52.53073758204292,14698.210450785447,15.0,0.015,14.111717252876492,236.3514153242171
2026-09-05 01:15:00,55.3417369633632,9537.895413836392,15.0,0.015,13.768100369842738,208.2954186077896
2026-09-05 01:30:00,64.52525710003366,7360.5046334646395,15.0,0.015,7.491057740402427,134.05355538603158
2026-09-05 01:45:00,35.630883845571326,5734.967473300127,15.0,0.015,3.3372040339750564,299.8384329462938
2026-09-05 02:00:00,33.60090428963916,6697.579050875407,15.0,0.015,8.61058676924415,316.2684678303054
2026-09-05 02:15:00,53.82064803709984,10197.739485560178,15.0,0.015,2.8518828816381747,191.15197025845487
2026-09-05 02:30:00,32.040177012650894,8370.031764312862,15.0,0.015,17.801940703676166,305.4194181660324
2026-09-05 02:45:00,61.537866280178235,13288.833658826095,15.0,0.015,6.917549214757148,140.1587888623979
2026-09-05 03:00:00,57.92063759215059,9308.87523661806,15.0,0.015,3.0891949444664757,162.27439335978113
2026-09-05 03:15:00,36.44970136875092,7487.1427258763,15.0,0.015,0.5089551981150175,265.05449092943195
2026-09-05 03:30:00,52.54355338957487,11171.4498660403,15.0,0.015,12.916447725729686,216.36642488118355
2026-09-05 03:45:00,52.727143704234116,12067.772168854459,15.0,0.015,12.738046349094866,206.04616215799325
2026-09-05 04:00:00,20.15619344179663,6670.419079009498,15.0,0.015,6.812083331625834,419.01914148720425
2026-09-05 04:15:00,60.127645333978336,6676.192162883177,15.0,0.015,1.4342377769530201,165.6978994282589
2026-09-05 04:30:00,40.26261862239286,5366.71426933543,15.0,0.015,8.192577897904641,267.8223605246797
2026-09-05 04:45:00,56.322873305387084,12364.020150656404,15.0,0.015,6.224349901267871,172.2488942967128
2026-09-05 05:00:00,31.002480051530586,11638.04527621805,15.0,0.015,13.542412794700187,339.96073179609095
2026-09-05 05:15:00,59.77616142481003,9746.30875749814,15.0,0.015,12.115584989053808,158.79930928685312
2026-09-05 05:30:00,34.46008393670816,13441.70448969197,15.0,0.015,7.2918745639508,310.74862026807455
2026-09-05 05:45:00,15.541882574014918,13056.701529500533,15.0,0.015,4.357851085099802,404.09017569279627
2026-09-05 06:00:00,60.26909882096318,10853.543643967521,15.0,0.015,19.760719323111836,160.94761569638166
2026-09-05 06:15:00,19.564333839306677,13682.712805132587,15.0,0.015,9.080032423922297,410.11473017050855
2026-09-05 06:30:00,30.965681879520744,7058.412100367683,15.0,0.015,13.76548471560474,351.17982191741214
2026-09-05 06:45:00,62.50309835254025,6119.196193977279,15.0,0.015,2.8110593515672155,118.53879219299301
2026-09-05 07:00:00,62.53035734687781,7697.496115169896,15.0,0.015,9.711793993187957,157.67177536654802
2026-09-05 07:15:00,43.671894406164306,5570.868560893148,15.0,0.015,0.5507343973893097,229.5964364203128
2026-09-05 07:30:00,46.59186060848997,10311.69528001032,15.0,0.015,10.109102358208998,244.46451963604795
2026-09-05 07:45:00,37.42227609891599,14366.056922949614,15.0,0.015,19.280348142354047,326.332199880399
2026-09-05 08:00:00,29.66053858490323,5393.4354066850965,15.0,0.015,7.6841342597160045,336.900848539457
2026-09-05 08:15:00,31.4332272684958,6221.099140100268,15.0,0.015,0.7799202514982317,319.78159057413865
2026-09-05 08:30:00,48.62592280385192,9521.990282834353,15.0,0.015,0.6191158183868706,201.73625015534864
2026-09-05 08:45:00,52.618726471884,14338.750175279049,15.0,0.015,7.75973519893739,196.8601128151493
2026-09-05 09:00:00,54.578952186292426,8161.561049767505,15.0,0.015,3.200498729263881,175.83939287756814
2026-09-05 09:15:00,54.48090713972769,10072.348086883925,15.0,0.015,0.46704192656371823,162.84996581665771
2026-09-05 09:30:00,19.560305152434516,5415.728590503921,15.0,0.015,15.124272279003536,410.23510119666327
2026-09-05 09:45:00,39.72101523512907,6483.4320096208885,15.0,0.015,9.170460177637814,256.78555446154496
2026-09-05 10:00:00,17.877938000832213,14866.30122958847,15.0,0.015,5.7848954394530905,396.93485666678134
2026-09-05 10:15:00,42.47644411618678,14651.186964360455,15.0,0.015,18.001663660329616,276.8715302229935
2026-09-05 10:30:00,37.07652506866885,5049.399809344096,15.0,0.015,2.322779204010512,278.3437117085772
2026-09-05 10:45:00,59.38520913791499,14518.11785423239,15.0,0.015,19.118376579106386,178.3030366426611
2026-09-05 11:00:00,32.54575062760394,11391.199378155005,15.0,0.015,6.279334347547056,316.35770193156856
2026-09-05 11:15:00,20.853350821380293,13679.18294520022,15.0,0.015,17.768073446173624,417.6076647353564
2026-09-05 11:30:00,22.149584102641793,9547.39855633859,15.0,0.015,12.05885752958923,404.3379665553156
2026-09-05 11:45:00,53.07553158587361,10155.960285792502,15.0,0.015,16.53414719482975,204.86862647169386
2026-09-05 12:00:00,45.91090316581305,9888.4658025692,15.0,0.015,19.680263264209287,245.84709470270312
2026-09-05 12:15:00,20.056133806139513,11668.642575461043,15.0,0.015,5.7681087563749145,375.5687484922662
2026-09-05 12:30:00,19.20534030574987,6396.512547563129,15.0,0.015,19.22270970815186,415.90533376388055
2026-09-05 12:45:00,50.048456572956,5299.73589872678,15.0,0.015,7.789637898048407,210.00971659111323
2026-09-05 13:00:00,18.638150318209675,8079.29941591191,15.0,0.015,7.710238094738447,392.041633287257
2026-09-05 13:15:00,56.09300296451781,12046.807627366466,15.0,0.015,6.807742085090114,157.61571641932497
2026-09-05 13:30:00,50.31211135782481,7018.534521229483,15.0,0.015,10.828152146951703,212.94182373484173
2026-09-05 13:45:00,19.06743903209499,11734.324333249173,15.0,0.015,3.082900863569742,394.48256683627915
2026-09-05 14:00:00,19.241885704259595,14699.120461072704,15.0,0.015,11.074229707160224,415.62258717629635
2026-09-05 14:15:00,64.33197892505876,5939.007157894184,15.0,0.015,10.83409624820008,127.31497314942277
2026-09-05 14:30:00,33.71353978780601,11726.021182251263,15.0,0.015,15.2380362520974,321.9998664452072
2026-09-05 14:45:00,33.53210735334454,9437.502193045711,15.0,0.015,16.67299923875171,318.2528797247265
2026-09-05 15:00:00,55.63997836287513,13681.422543775054,15.0,0.015,8.808827006248482,183.30619627962454
2026-09-05 15:15:00,62.36242886919293,6771.49789447386,15.0,0.015,6.0466649870298745,125.19232724603994
2026-09-05 15:30:00,64.30005319114355,11926.259522261646,15.0,0.015,5.186697946341889,133.16999394444048
2026-09-05 15:45:00,52.66890926294708,13381.152896481102,15.0,0.015,3.8924767340974387,164.9835005115007
2026-09-05 16:00:00,33.81297927654579,14446.142194740232,15.0,0.015,1.1529516439804977,294.03358254189925
2026-09-05 16:15:00,19.17503583493344,11832.480282896458,15.0,0.015,6.848959576694266,403.16431423166404
2026-09-05 16:30:00,53.85734579637184,9971.747640084273,15.0,0.015,5.404953842615665,190.4233506518379
2026-09-05 16:45:00,42.92021248679025,11178.47240201214,15.0,0.015,19.328347717328146,321.5309254736223
2026-09-05 17:00:00,36.21110046234881,13689.049844787181,15.0,0.015,11.154176525000878,310.2887506444275
2026-09-05 17:15:00,60.3177192547368,10706.097466388297,15.0,0.015,6.945540780610151,136.92394708016934
2026-09-05 17:30:00,20.559874115307565,5303.870596968369,15.0,0.015,11.60935201987392,398.42749564156634
2026-09-05 17:45:00,39.63125521454296,14309.486955069779,15.0,0.015,2.78393402691391,241.13664176457326
2026-09-05 18:00:00,15.567682238370953,11895.26751031561,15.0,0.015,8.880874984044059,423.14666029841095
2026-09-05 18:15:00,38.43303209970631,11765.133857772465,15.0,0.015,12.524686428421276,281.95533940359337
2026-09-05 18:30:00,17.81516378409187,7156.751523977172,15.0,0.015,9.777956635849028,426.39578470054926
2026-09-05 18:45:00,20.940895813403596,11588.854702326571,15.0,0.015,8.035576013086486,382.18267302681835
2026-09-05 19:00:00,20.876312338855243,8938.644056541585,15.0,0.015,19.876967777993965,412.7445727859278
2026-09-05 19:15:00,47.460515105803175,11512.32977041492,15.0,0.015,17.60629524297854,240.916132230072
2026-09-05 19:30:00,52.30224396327117,6065.930303079907,15.0,0.015,12.468119163188803,237.20554482455057
2026-09-05 19:45:00,44.16843825485798,11578.453046030361,15.0,0.015,11.387547223645655,252.94582342637472
2026-09-05 20:00:00,63.10862742372709,14994.137257706665,15.0,0.015,12.413209596491681,173.66301030280883
2026-09-05 20:15:00,33.7435289761852,5482.12038860556,15.0,0.015,4.0262421564486655,317.8035868875601
2026-09-05 20:30:00,29.285604314093035,14771.741842213172,15.0,0.015,7.902754865286372,347.3228847560453
2026-09-05 20:45:00,58.429956409473014,9069.079607228707,15.0,0.015,0.7891906578179864,156.5296400685607
2026-09-05 21:00:00,26.17979192597263,13707.534503372592,15.0,0.015,9.510920749736533,367.85004941688106
2026-09-05 21:15:00,63.161126972030566,12823.854840582735,15.0,0.015,10.860491679153263,113.83913283593895
2026-09-05 21:30:00,15.607723734490817,10670.162609866678,15.0,0.015,4.554994722064192,411.2803961249221
2026-09-05 21:45:00,63.493941335381955,12384.492092513265,15.0,0.015,19.280576943310276,170.27487544209365
2026-09-05 22:00:00,17.157995597528807,13785.15561301348,15.0,0.015,18.18909221874484,432.6967531002053
2026-09-05 22:15:00,59.557155684903556,9041.40321651033,15.0,0.015,14.442864709118117,150.46494760676129
2026-09-05 22:30:00,41.385055454314994,8270.331615632387,15.0,0.015,10.667732575307252,272.23906566606246
2026-09-05 22:45:00,64.64823980596502,11675.933855635847,15.0,0.015,17.3993831929537,172.4709102939497
2026-09-05 23:00:00,18.689828236769944,13078.459419412586,15.0,0.015,2.6130468764692583,411.79050006533964
2026-09-05 23:15:00,42.69271422006604,12622.851347766158,15.0,0.015,15.8101958854977,274.5340463101087
2026-09-05 23:30:00,63.46512678095495,12978.136488586344,15.0,0.015,2.496416279336966,138.4738110288156
2026-09-05 23:45:00,41.15489220850744,9355.83314812933,15.0,0.015,15.884213250988108,279.3414679454108
2026-09-06 00:00:00,46.46993190676312,13178.342161750217,15.0,0.015,5.515351365027139,206.65303748707476
2026-09-06 00:15:00,49.78743444923086,6202.090553706084,15.0,0.015,17.541811620363777,222.49202672339908
2026-09-06 00:30:00,37.72705323838866,10444.890979608495,15.0,0.015,18.880841876507958,334.8426958503069
2026-09-06 00:45:00,46.377904004203174,5057.586604981216,15.0,0.015,2.9759193881023127,223.57451852354603
2026-09-06 01:00:00,44.21571559615501,8245.858299002703,15.0,0.015,9.25351210130787,249.56197093506043
2026-09-06 01:15:00,60.057900524549446,8664.615348713978,15.0,0.015,19.619747563253704,174.39451903508748
2026-09-06 01:30:00,17.272319017072896,8961.726916092553,15.0,0.015,9.668148719462932,444.2644321800836
2026-09-06 01:45:00,29.048159479611517,11954.672066898622,15.0,0.015,17.270950450290904,384.6423277533437
2026-09-06 02:00:00,62.520574203827934,8885.581012703457,15.0,0.015,11.774630442626396,181.70751916400724
2026-09-06 02:15:00,59.51318919454582,9486.936226225305,15.0,0.015,7.506598158392038,155.5483829935084
2026-09-06 02:30:00,37.782837639285646,7375.441308743275,15.0,0.015,5.715671110517404,289.16868371652737
2026-09-06 02:45:00,46.00662989007684,8732.5179162934,15.0,0.015,4.064461821721745,209.33950606167065
2026-09-06 03:00:00,28.869059149056632,7272.696272631514,15.0,0.015,15.235963827553945,379.4115891525422
2026-09-06 03:15:00,24.406057986188067,5731.959237684437,15.0,0.015,7.7308101364605575,351.5085790867737
2026-09-06 03:30:00,38.18492024699911,11034.48593381378,15.0,0.015,10.225509244015022,294.59313046247485
2026-09-06 03:45:00,32.667611401302636,11682.127985550163,15.0,0.015,9.846509600023639,307.22781287773876
2026-09-06 04:00:00,44.1828055925436,11194.903460096146,15.0,0.015,11.545580584662625,249.1613252129832
2026-09-06 04:15:00,18.88673184824924,9634.940438005724,15.0,0.015,17.311542912491046,408.74375826974114
2026-09-06 04:30:00,63.71974038330833,8797.8578017923,15.0,0.015,19.61478687166859,147.79300253334995
2026-09-06 04:45:00,64.31053722398013,13633.336495718253,15.0,0.015,8.151684171476338,122.35330445183718
2026-09-06 05:00:00,49.90808570098726,10190.81785136218,15.0,0.015,16.55037844212606,225.42821075445244
2026-09-06 05:15:00,41.80481831720602,9791.81877629731,15.0,0.015,15.290555893094353,292.2522105596572
2026-09-06 05:30:00,30.476380814316386,5256.420658064357,15.0,0.015,11.470579029111466,323.5099312763868
2026-09-06 05:45:00,55.68975098534743,8412.478276261563,15.0,0.015,19.12094287223866,207.4115012376007
2026-09-06 06:00:00,49.23655862769397,8801.95618785857,15.0,0.015,4.009490310568056,230.8690161395557
2026-09-06 06:15:00,23.130846967244565,8988.227808969004,15.0,0.015,2.1852842061924282,357.8875411412165
2026-09-06 06:30:00,60.546359224692125,10801.723692273323,15.0,0.015,17.079239339108444,160.11153996885014
2026-09-06 06:45:00,56.12686214615845,10336.025467268784,15.0,0.015,8.782996332674966,177.34695041069548
2026-09-06 07:00:00,62.4899956645962,11079.050927934446,15.0,0.015,16.93937708414121,176.63465830611585
2026-09-06 07:15:00,51.285975419418,12648.832615421283,15.0,0.015,17.861804103908298,230.91937015560896
2026-09-06 07:30:00,45.6707597967895,13129.857387160935,15.0,0.015,1.2491518723814288,220.5055305449119
2026-09-06 07:45:00,35.912151814530944,12181.230762264944,15.0,0.015,17.669295259721213,327.1238294000774
2026-09-06 08:00:00,61.63642416770066,14555.236959549347,15.0,0.015,8.966381107388443,131.57983496102656
2026-09-06 08:15:00,58.30319447502042,5182.3258267636165,15.0,0.015,10.208649780084645,180.81852536669095
2026-09-06 08:30:00,17.26093350530947,6957.779856835461,15.0,0.015,12.531850221864204,427.62720902739807
2026-09-06 08:45:00,16.3183487248626,5075.628749781421,15.0,0.015,18.527652134601734,434.52808485294463
2026-09-06 09:00:00,33.82316834390248,11474.747141546031,15.0,0.015,0.3823218885952806,285.2468467370672
2026-09-06 09:15:00,55.52766653909165,13980.30548949987,15.0,0.015,9.536869366356342,172.60752566391096
2026-09-06 09:30:00,64.36380646574722,7434.822965762993,15.0,0.015,13.754440848611214,149.34830294792778
2026-09-06 09:45:00,22.52084455517641,14270.345447963067,15.0,0.015,14.454139153964569,412.21791851420664
2026-09-06 10:00:00,44.70653576760675,5602.673902895609,15.0,0.015,13.85064863074216,249.90246645041188
2026-09-06 10:15:00,34.04454283155108,14344.360268055143,15.0,0.015,2.688702588162437,307.98594874029067
2026-09-06 10:30:00,63.49571989073016,8516.226872396344,15.0,0.015,5.987911767433625,99.69609891145528
2026-09-06 10:45:00,57.105946156785436,6014.208284492165,15.0,0.015,7.17431050834027,162.9436781161099
2026-09-06 11:00:00,56.91643523555689,9858.717591863257,15.0,0.015,16.0887441535901,190.21299290077533
2026-09-06 11:15:00,38.434657989748516,7567.76567720508,15.0,0.015,5.5751974482910605,266.89719570336354
2026-09-06 11:30:00,35.74097511688326,7848.729019619228,15.0,0.015,4.214099277344063,279.9347522315446
2026-09-06 11:45:00,28.670353596535314,8072.899649262866,15.0,0.015,19.148960380761924,356.25910583527866
2026-09-06 12:00:00,17.818774832546357,13030.258978326634,15.0,0.015,0.177265702269378,397.82477333415625
2026-09-06 12:15:00,58.23611881275266,10391.612766752545,15.0,0.015,19.956417113639564,187.68618607466757
2026-09-06 12:30:00,55.64505045650388,8113.076991560036,15.0,0.015,13.536425977147912,159.629080715398
2026-09-06 12:45:00,64.98588366430653,11103.337833109184,15.0,0.015,16.56938598898234,111.4129677025995
2026-09-06 13:00:00,64.83184185369527,12161.506742231935,15.0,0.015,5.892387926923863,113.69074706381849
2026-09-06 13:15:00,42.771585280131376,7726.240007335338,15.0,0.015,0.28630555334119956,250.8083982166974
2026-09-06 13:30:00,53.44937075902553,9135.491015253516,15.0,0.015,14.757390371230601,167.6059835474295
2026-09-06 13:45:00,62.238286494121404,6218.860933369476,15.0,0.015,16.682891940013516,152.44011227302417
2026-09-06 14:00:00,57.482369533870575,6811.493495346804,15.0,0.015,14.809522639070384,176.83111022715602
2026-09-06 14:15:00,27.36740508715988,11811.178539649827,15.0,0.015,2.857005746016772,362.334647642201
2026-09-06 14:30:00,37.52720676550467,6814.383476956269,15.0,0.015,15.06855844513938,299.1985491215578
2026-09-06 14:45:00,21.45797075757475,10251.6338366706,15.0,0.015,15.378455642152819,407.75392150997106
2026-09-06 15:00:00,62.70255136293612,12090.462617224326,15.0,0.015,13.170810313401098,152.2451695504974
2026-09-06 15:15:00,45.308731722544,6068.769230947439,15.0,0.015,15.322318655911724,226.83374977945138
2026-09-06 15:30:00,26.432140275173136,10673.122196289036,15.0,0.015,16.918428793554643,386.76712418554655
2026-09-06 15:45:00,48.58503422029283,7565.627837013637,15.0,0.015,12.272082284749168,236.26490682958564
2026-09-06 16:00:00,45.90641202289479,14629.268752375798,15.0,0.015,1.7720942793935812,235.72974601653726
2026-09-06 16:15:00,32.90813590164203,9835.456467199248,15.0,0.015,9.752556193344217,380.9498625733812
2026-09-06 16:30:00,20.677879609981453,13059.925497751581,15.0,0.015,1.5529866934321013,347.7770016344967
2026-09-06 16:45:00,48.57865977963998,10502.265421562617,15.0,0.015,8.150860620648617,250.70021230987396
2026-09-06 17:00:00,41.01538504518966,5434.125328548192,15.0,0.015,8.142129782512553,265.8802365028818
2026-09-06 17:15:00,53.61591958678196,11331.513755940225,15.0,0.015,1.3201968828048316,185.25480981096302
2026-09-06 17:30:00,41.008175055599665,14514.03342206657,15.0,0.015,6.976410679389586,267.22108734566257
2026-09-06 17:45:00,57.609075015927004,11016.118201463312,15.0,0.015,2.2199619758262967,152.42192885511992
2026-09-06 18:00:00,42.595341938724275,13191.8885942679,15.0,0.015,16.164704200184442,268.20986284444183
2026-09-06 18:15:00,43.04689857676931,13842.064633484079,15.0,0.015,18.953760519289414,284.5687606115581
2026-09-06 18:30:00,58.832680132917254,7280.797719489325,15.0,0.015,1.4463295051587721,127.13897276273885
2026-09-06 18:45:00,35.174143310619854,7120.448399082266,15.0,0.015,19.10230414583403,338.41843594077545
2026-09-06 19:00:00,21.700761422532036,11109.809888509917,15.0,0.015,10.451531986734903,384.45557936499875
2026-09-06 19:15:00,16.43913381566695,9110.284698067047,15.0,0.015,5.9913135590774775,396.39678413854784
2026-09-06 19:30:00,52.75686278368095,13398.613028667203,15.0,0.015,1.5372415055232702,179.78311343902365
2026-09-06 19:45:00,46.01547756767323,14000.231233980112,15.0,0.015,10.012485361408356,262.7893435697159
2026-09-06 20:00:00,50.20398840496118,8534.213793027182,15.0,0.015,15.890310889814973,222.52666504461953
2026-09-06 20:15:00,25.648208075445538,7368.705589744821,15.0,0.015,14.141729545333963,379.77101491113905
2026-09-06 20:30:00,21.818573779338486,12805.255152438618,15.0,0.015,1.0045202292794753,360.13325364679594
2026-09-06 20:45:00,15.727233283394096,7748.060355481361,15.0,0.015,1.4580367073580702,419.9215014632059
2026-09-06 21:00:00,32.52937794032985,13226.143185136783,15.0,0.015,8.057465652652741,331.22127974517946
2026-09-06 21:15:00,44.49588434273166,9237.382536487628,15.0,0.015,5.9058098809588655,272.56544620497397
2026-09-06 21:30:00,34.61220225498661,11675.498992914705,15.0,0.015,4.647686461120957,298.988700209834
2026-09-06 21:45:00,36.873746101186455,5955.353138346682,15.0,0.015,5.620089978174272,300.02752542059835
2026-09-06 22:00:00,60.20793472468742,11238.59324676573,15.0,0.015,16.069654865937693,172.36271447683504
2026-09-06 22:15:00,32.412773351165015,9517.676787372291,15.0,0.015,18.58456107263708,362.1305587662293
2026-09-06 22:30:00,40.69947445799054,10866.08463175474,15.0,0.015,8.102053890551328,261.22477521902846
2026-09-06 22:45:00,54.18265063705715,6680.142077448634,15.0,0.015,18.122220042649943,222.32361595611619
2026-09-06 23:00:00,34.827139116063506,12368.737449441822,15.0,0.015,6.42991402495764,300.97653391178403
2026-09-06 23:15:00,46.10433501139367,13627.970775432286,15.0,0.015,9.528739726875832,241.46864672876217
2026-09-06 23:30:00,58.11818543733726,7167.398000907757,15.0,0.015,4.520579956319994,161.70833455534205
2026-09-06 23:45:00,62.4760311828821,5957.145555201618,15.0,0.015,12.809520843516879,154.54646053614132
2026-09-07 00:00:00,22.353674046451896,5236.385860463364,15.0,0.015,19.57962230349618,403.2937646814516
2026-09-07 00:15:00,61.32938125807472,11419.715004432659,15.0,0.015,12.069861920867574,159.38413404084469
2026-09-07 00:30:00,39.60581465397691,11070.940360887807,15.0,0.015,7.156281682270977,300.34944630411326
2026-09-07 00:45:00,27.91221941494792,10466.9741271407,15.0,0.015,12.956348919810567,373.2211266341619
2026-09-07 01:00:00,37.95678781191307,7319.470961159754,15.0,0.015,2.4584135693077513,290.2134191545906
2026-09-07 01:15:00,64.00162876427385,8909.059959055146,15.0,0.015,17.773181605307972,144.70349773461479
2026-09-07 01:30:00,39.63090469964348,10944.76335186173,15.0,0.015,10.061679015596727,268.9993174099077
2026-09-07 01:45:00,31.437580514375412,9967.668588591694,15.0,0.015,8.98699484079284,343.6780149688995
2026-09-07 02:00:00,46.67004271583629,14877.855202148872,15.0,0.015,11.717295769070384,256.55503713107
2026-09-07 02:15:00,27.007280938909652,6364.397525567331,15.0,0.015,12.495677255788049,385.03772901438293
2026-09-07 02:30:00,18.793166405433197,11951.44554047594,15.0,0.015,1.4355161245302606,381.0523244269229
2026-09-07 02:45:00,21.44398609553246,9043.18768104292,15.0,0.015,13.652344424468048,395.1975424453362
2026-09-07 03:00:00,21.40229194788862,9281.996149256149,15.0,0.015,4.838633606310592,356.67125308740793
2026-09-07 03:15:00,22.595134675614716,12175.977656581763,15.0,0.015,14.279052650131796,387.1002306556622
2026-09-07 03:30:00,21.941358632470507,11924.361513243697,15.0,0.015,16.450695887683935,416.20179763923653
2026-09-07 03:45:00,47.04373724016073,14912.559937021882,15.0,0.015,16.079170151050405,242.89848617271346
2026-09-07 04:00:00,24.09400421995724,6283.942894541253,15.0,0.015,11.050019348157782,387.14321030458444
2026-09-07 04:15:00,32.28336416619316,6041.096493841664,15.0,0.015,10.403397846215023,324.24906410530394
2026-09-07 04:30:00,59.839420495300594,12243.388171287412,15.0,0.015,2.8575192267882343,151.53937090509635
2026-09-07 04:45:00,38.69808201314362,10783.869170064092,15.0,0.015,15.506923008062712,281.60998309002866
2026-09-07 05:00:00,48.37788692605136,7741.6066655980585,15.0,0.015,5.428187608934287,221.8671954060689
2026-09-07 05:15:00,23.615993560081492,5794.193689889866,15.0,0.015,9.933908456358932,333.3048159887181
2026-09-07 05:30:00,24.61445094043354,5856.582495964305,15.0,0.015,5.685481858550334,360.88081570206964
2026-09-07 05:45:00,17.043430813323944,13941.908746641182,15.0,0.015,2.676567259993863,378.63545098431695
2026-09-07 06:00:00,23.446753153608228,6918.673247187429,15.0,0.015,12.591153937834731,402.5917067022223
2026-09-07 06:15:00,28.929516951597932,8233.715621155208,15.0,0.015,1.0866406964580766,340.2572899747962
2026-09-07 06:30:00,23.85052421383734,7266.56402226988,15.0,0.015,14.972904682524,393.84272881151514
2026-09-07 06:45:00,19.43512668785278,8549.963058319372,15.0,0.015,6.351735905222333,418.9078050907187
2026-09-07 07:00:00,21.031793555030042,5694.238427460934,15.0,0.015,0.0026938600897064013,359.5808785776266
2026-09-07 07:15:00,38.03893840163629,10190.597909082704,15.0,0.015,10.222582784744596,318.42198312840486
2026-09-07 07:30:00,25.316685920289625,5676.125635922149,15.0,0.015,0.9370381705520625,363.95683428327214
2026-09-07 07:45:00,33.21349305240378,13003.565078223615,15.0,0.015,5.52339115641799,308.2174946901292
2026-09-07 08:00:00,40.17086354274284,7337.12081910433,15.0,0.015,14.139529749114324,304.2881804495157
2026-09-07 08:15:00,49.51974143146826,10400.119146045105,15.0,0.015,1.2537924324373173,188.7947335898906
2026-09-07 08:30:00,16.965606992054948,13800.790875614583,15.0,0.015,16.78676984712005,419.4121853189953
2026-09-07 08:45:00,54.97051994545213,11508.773690471942,15.0,0.015,0.07639845317166216,161.20083138503503
2026-09-07 09:00:00,46.39501947454539,10329.577865513353,15.0,0.015,4.936477384038045,223.5681722998435
2026-09-07 09:15:00,19.087951597443595,8243.337531153757,15.0,0.015,14.818081123041429,399.26008802001746
2026-09-07 09:30:00,58.67893120533886,8330.019130581979,15.0,0.015,6.325402994586136,178.923464763569
2026-09-07 09:45:00,61.04362002659066,11694.869551981901,15.0,0.015,2.0378477613202706,133.93115935754906
2026-09-07 10:00:00,18.053897992743188,14941.393612211676,15.0,0.015,7.204678376008557,411.3735433209112
2026-09-07 10:15:00,28.843882407360187,11618.391898493786,15.0,0.015,5.407865727690511,329.1971665150147
2026-09-07 10:30:00,55.31006398965307,10577.834173700248,15.0,0.015,16.854238043211097,174.53904264027602
2026-09-07 10:45:00,52.41298451918292,12306.50510239246,15.0,0.015,6.266958351702863,202.10686996417954
2026-09-07 11:00:00,24.226050967818864,9652.05612283718,15.0,0.015,15.778649435520144,357.5171684328305
2026-09-07 11:15:00,25.467466166835514,5601.423426007852,15.0,0.015,17.837442896214696,381.8405781001343
2026-09-07 11:30:00,33.5236051395691,10622.968158779098,15.0,0.015,8.67634839153059,295.6863403631544
2026-09-07 11:45:00,39.226149259551065,14576.252845053801,15.0,0.015,18.19886287708784,330.84997018533136
2026-09-07 12:00:00,45.9127385765148,6753.029423576596,15.0,0.015,7.546361079263857,253.28673153205978
2026-09-07 12:15:00,33.44568197848862,11900.048908206656,15.0,0.015,19.281568329802163,339.47535165774474
2026-09-07 12:30:00,38.12673580665739,7009.336886590565,15.0,0.015,1.7857904905114586,293.7667663058986
2026-09-07 12:45:00,52.37354690668783,10358.276844730812,15.0,0.015,13.740385330064855,200.54474955801672
2026-09-07 13:00:00,16.834160144529896,5966.764496467196,15.0,0.015,9.876280809138574,426.89979143114914
2026-09-07 13:15:00,27.621847217201037,9503.709362581852,15.0,0.015,7.752976109112941,352.7720254208004
2026-09-07 13:30:00,50.66747929422762,12561.63328895246,15.0,0.015,12.654237574972019,225.2639006045834
2026-09-07 13:45:00,59.76034188435997,8475.71524238982,15.0,0.015,14.077141832686625,188.67753486081497
2026-09-07 14:00:00,40.58387210578331,11649.11724487218,15.0,0.015,0.08726539300618175,267.6586796930096
2026-09-07 14:15:00,41.60567426326578,12954.49960789729,15.0,0.015,3.3390617749439744,261.3749329126686
2026-09-07 14:30:00,20.3586005669888,14271.778194794526,15.0,0.015,14.260921012686374,381.5469270800155
2026-09-07 14:45:00,37.37061834117273,7346.420818554536,15.0,0.015,13.327708271564129,288.0310120668999
2026-09-07 15:00:00,41.63086332275115,8993.159158093082,15.0,0.015,19.320950102573544,287.0160862647043
2026-09-07 15:15:00,27.123525181736483,6524.160133304174,15.0,0.015,15.22075580501566,369.1009461337622
2026-09-07 15:30:00,28.462161547469048,14924.835021583753,15.0,0.015,19.01545415462676,350.30488315433035
2026-09-07 15:45:00,33.86420815523113,14270.009679242954,15.0,0.015,14.05081003069614,361.0915212636818
2026-09-07 16:00:00,16.00355988888632,10399.571302805596,15.0,0.015,5.9610441727888634,438.64663984106335
2026-09-07 16:15:00,31.103958279158913,13420.332943764213,15.0,0.015,2.1072984450171295,326.62262202096804
2026-09-07 16:30:00,25.572400349827234,10209.579772720423,15.0,0.015,15.636477266898712,378.91910535409016
2026-09-07 16:45:00,31.374867608895734,11235.856880027597,15.0,0.015,12.882984429518318,334.33362865714497
2026-09-07 17:00:00,20.98810659096256,5891.244321160166,15.0,0.015,0.9637202478659246,361.72002404962296
2026-09-07 17:15:00,59.52636403699475,12552.704204968079,15.0,0.015,7.201009318019567,158.40604219185357
2026-09-07 17:30:00,44.67962267770243,6277.134836352348,15.0,0.015,19.135996309685723,274.0605446552981
2026-09-07 17:45:00,48.95511595722448,13260.676302525284,15.0,0.015,10.008022914204025,207.6589414528368
2026-09-07 18:00:00,54.45856193036691,12820.280876703859,15.0,0.015,8.654582720394092,195.57044011726015
2026-09-07 18:15:00,39.92210994645286,12087.446977429765,15.0,0.015,9.15399210318588,276.4464387952833
2026-09-07 18:30:00,19.346014404371186,5361.6038052476215,15.0,0.015,4.177654480103275,363.6621091658186
2026-09-07 18:45:00,41.85532709092739,8031.283559453286,15.0,0.015,7.374143417295905,250.71054912733496
2026-09-07 19:00:00,44.342055901043956,7631.125699108428,15.0,0.015,7.396265119743532,242.53611183189864
2026-09-07 19:15:00,52.271973709216496,8601.364074715191,15.0,0.015,1.047100403749448,216.7776734123028
2026-09-07 19:30:00,36.58297731148397,5876.427467638386,15.0,0.015,15.351352570358365,319.5531381398192
2026-09-07 19:45:00,21.37901513977819,14369.578230310628,15.0,0.015,8.33008863807758,368.3538629009876
2026-09-07 20:00:00,29.188795289936223,10538.022407123763,15.0,0.015,16.443597736328467,365.0449680743041
2026-09-07 20:15:00,33.154114819931756,8055.243106580236,15.0,0.015,17.00696002239791,311.8796712911298
2026-09-07 20:30:00,47.295862066580064,8969.815170742833,15.0,0.015,4.239881093973161,240.94495559677208
2026-09-07 20:45:00,43.53891523344559,9472.025405048356,15.0,0.015,13.14706964340257,257.99377810886347
2026-09-07 21:00:00,32.80483629489231,11005.943333606174,15.0,0.015,9.445636083259634,320.65771156607786
2026-09-07 21:15:00,64.32576243964898,10156.794276964978,15.0,0.015,17.6031347584297,169.1386445920984
2026-09-07 21:30:00,45.28874096784436,14193.919732144173,15.0,0.015,4.314813583529082,217.5897278312283
2026-09-07 21:45:00,26.861339586799723,9969.634829058303,15.0,0.015,13.556264006200884,344.9877177149085
2026-09-07 22:00:00,20.089123631020186,14921.580148233126,15.0,0.015,12.155042445054452,395.0213532087977
2026-09-07 22:15:00,22.6429569592166,13514.249577450957,15.0,0.015,5.906029551436656,391.5300001128635
2026-09-07 22:30:00,27.297886419225406,7085.105143573358,15.0,0.015,2.7320180730234522,318.8865264985418
2026-09-07 22:45:00,23.034068662977784,14305.952146439162,15.0,0.015,13.032795209545531,345.3788444695658
2026-09-07 23:00:00,24.328351202565287,6163.663978854761,15.0,0.015,14.771949162646614,376.8064082337665
2026-09-07 23:15:00,29.254758434692356,13174.497084911916,15.0,0.015,6.3125468752669995,345.37265514104365
2026-09-07 23:30:00,23.66867976473774,8806.232934765801,15.0,0.015,12.896652080446277,401.7851518185485
2026-09-07 23:45:00,59.83827123132126,13779.743204450695,15.0,0.015,7.902618152230065,149.82818848525156
2026-09-08 00:00:00,19.01168728308211,13680.566901074504,15.0,0.015,14.264137665652354,408.286752526072
2026-09-08 00:15:00,41.22556947851273,13059.25400117621,15.0,0.015,3.984305497881062,277.92370513852194
2026-09-08 00:30:00,35.51984134948307,12900.304363070612,15.0,0.015,17.804300052723487,294.44342651311723
2026-09-08 00:45:00,64.11893084543033,8046.791390980408,15.0,0.015,5.748191929311595,120.95498715829609
2026-09-08 01:00:00,20.601945108402617,5809.192830512522,15.0,0.015,7.355719755123058,393.9561272087063
2026-09-08 01:15:00,34.892779952287086,9029.801787651615,15.0,0.015,1.1618390416069957,299.70527918876695
2026-09-08 01:30:00,63.473521663768445,6735.245149865086,15.0,0.015,2.230244246425528,115.97225811237716
2026-09-08 01:45:00,58.275356294699016,11949.510889024617,15.0,0.015,10.317238054246562,171.49895351588663
2026-09-08 02:00:00,55.853603547464,8460.997265377855,15.0,0.015,5.35185353455943,138.25717548314
2026-09-08 02:15:00,27.89514135224699,14756.10200859915,15.0,0.015,16.70960451484389,356.1746347311981
2026-09-08 02:30:00,23.54437936950329,11409.72077345332,15.0,0.015,0.29386777309907686,366.12409001749546
2026-09-08 02:45:00,48.43216099622155,13224.80563634361,15.0,0.015,7.581880973438723,209.83638545572796
2026-09-08 03:00:00,61.46879945637929,6325.246727418484,15.0,0.015,6.7469109353818535,145.56578845633194
2026-09-08 03:15:00,42.83814465069649,13620.144822726226,15.0,0.015,0.3865526183520207,250.4473248445656
2026-09-08 03:30:00,43.580634473494996,14227.571905133944,15.0,0.015,2.4873679800102044,238.35269110618395
2026-09-08 03:45:00,28.998954683014208,9870.61918818936,15.0,0.015,8.272853498372704,345.1089354636087
2026-09-08 04:00:00,53.47464665959684,11062.529377509774,15.0,0.015,9.857291688948933,184.4257149410476
2026-09-08 04:15:00,24.352187427876167,12648.098009029954,15.0,0.015,8.085794945097382,366.95929612749705
2026-09-08 04:30:00,31.183961820212183,6748.386272604125,15.0,0.015,10.618753568241877,343.286978759049
2026-09-08 04:45:00,36.271821930820835,10025.660764634424,15.0,0.015,11.90263349811363,308.52892982582875
2026-09-08 05:00:00,40.38051893422275,8986.630277723132,15.0,0.015,0.1984764225567126,249.31587019631792
2026-09-08 05:15:00,27.12048662075401,6463.739921622491,15.0,0.015,9.281903189070078,359.2041327179779
2026-09-08 05:30:00,20.741841236960177,8675.344222915315,15.0,0.015,19.269984817751766,424.80806907329173
2026-09-08 05:45:00,45.53100212208163,5681.7230938549355,15.0,0.015,10.380645602590974,216.82615929403002
2026-09-08 06:00:00,29.43152766201279,5258.11906949487,15.0,0.015,13.550845349179063,367.8986357006199
2026-09-08 06:15:00,44.06191107113061,6351.662891548228,15.0,0.015,6.237277158337664,243.05926680967562
2026-09-08 06:30:00,22.718135763710116,14631.151115891738,15.0,0.015,15.47982756305525,401.0331895424532
2026-09-08 06:45:00,39.05700509274087,10495.29535895017,15.0,0.015,15.458429637522302,314.53353257327774
2026-09-08 07:00:00,41.62947162757929,14658.221611532199,15.0,0.015,10.425920953082779,250.49990668223282
2026-09-08 07:15:00,17.591176841121346,9324.97878330132,15.0,0.015,19.52027646558427,422.85187684802725
2026-09-08 07:30:00,31.830213909696027,8118.161330852596,15.0,0.015,2.5110042952530676,309.7124946941944
2026-09-08 07:45:00,21.72073384694871,10061.41862840244,15.0,0.015,0.33895329779161987,358.59720069702456
2026-09-08 08:00:00,18.16874852363839,9395.116886329102,15.0,0.015,15.403164235141919,447.8178859660057
2026-09-08 08:15:00,64.49801161949726,6056.64684261744,15.0,0.015,16.14311074729765,132.44657037020988
2026-09-08 08:30:00,31.117692248736148,11408.263146902063,15.0,0.015,2.404144582411525,309.76893398010316
2026-09-08 08:45:00,55.493722292731746,7160.381825095996,15.0,0.015,5.3116566591721215,180.7268150359984
2026-09-08 09:00:00,27.73203273818819,11195.879548978297,15.0,0.015,0.3510472673325782,316.27765521439466
2026-09-08 09:15:00,49.075136111196464,11502.010923981534,15.0,0.015,5.866172215611294,211.34631708769984
2026-09-08 09:30:00,53.011392994484325,6520.248531286481,15.0,0.015,15.46283747837343,217.6191159085935
2026-09-08 09:45:00,44.781937030392214,5613.496271106682,15.0,0.015,10.359210554251579,247.0338928604122
2026-09-08 10:00:00,38.57880942750792,12807.615860684398,15.0,0.015,6.961911863365762,281.05016427818475
2026-09-08 10:15:00,35.592045707363425,9598.004237693202,15.0,0.015,7.434785898126606,293.3773158653471
2026-09-08 10:30:00,32.44341332714977,5581.637955054758,15.0,0.015,0.027072514309363083,282.6766104280086
2026-09-08 10:45:00,61.476457212391296,14948.663171697672,15.0,0.015,5.9960105513047175,147.95717599835024
2026-09-08 11:00:00,56.530970389386454,5577.805609963666,15.0,0.015,12.92917483275861,212.9965234039071
2026-09-08 11:15:00,63.251345533325626,11950.352288585531,15.0,0.015,19.483888876327143,159.73572901445212
2026-09-08 11:30:00,21.214861174277235,14836.789252634137,15.0,0.015,16.94121653967799,409.97222779240576
2026-09-08 11:45:00,51.54337376018221,7391.801042159256,15.0,0.015,0.4718992929105825,202.0743973514808
2026-09-08 12:00:00,61.91702284105189,6422.4936868719615,15.0,0.015,17.97121209349679,145.4003296924818
2026-09-08 12:15:00,24.061653308283006,6213.849394224289,15.0,0.015,15.66396826597252,412.4957365541911
2026-09-08 12:30:00,18.324813368338873,8032.751475675956,15.0,0.015,15.607522471419609,424.30109667914803
2026-09-08 12:45:00,52.056032464502955,6010.458110106467,15.0,0.015,9.15991518007143,230.46148905946177
2026-09-08 13:00:00,43.7236556589956,11921.61341694132,15.0,0.015,7.960105859090056,242.5827828313467
2026-09-08 13:15:00,57.0914388379136,5622.917981300627,15.0,0.015,6.058314576663852,196.83892496421345
2026-09-08 13:30:00,21.988618831314476,10094.221281497898,15.0,0.015,1.3138971790873155,382.3234137808096
2026-09-08 13:45:00,54.76336559299451,14966.968538529767,15.0,0.015,4.564707269873982,188.8448222695663
2026-09-08 14:00:00,25.081366002387227,13139.702695060188,15.0,0.015,4.932072699560493,362.8863162000949
2026-09-08 14:15:00,23.182797143285224,11152.19438231011,15.0,0.015,9.681541394204032,376.53837065758
2026-09-08 14:30:00,23.213289896549647,8062.5362078661165,15.0,0.015,14.948888131933879,408.62601176167794
2026-09-08 14:45:00,55.728736011569104,11238.958362916384,15.0,0.015,9.476196567958933,186.68537511422397
2026-09-08 15:00:00,48.25986103481001,10270.414639116516,15.0,0.015,1.1568889889432121,183.24856621521906
2026-09-08 15:15:00,41.153271238455964,9260.833838903714,15.0,0.015,19.15579601976408,274.63416768318734
2026-09-08 15:30:00,32.941524206175124,6307.103767401994,15.0,0.015,18.854486381882246,337.27214124382255
2026-09-08 15:45:00,58.86002704065541,13866.042152404667,15.0,0.015,15.703790862968168,182.8974042294872
2026-09-08 16:00:00,34.62225537113177,9497.846488213225,15.0,0.015,19.82655803128441,331.0707565022797
2026-09-08 16:15:00,55.82997197357886,6946.225118207651,15.0,0.015,10.889646656005258,205.08402331744233
2026-09-08 16:30:00,36.95674542851092,8677.593508772896,15.0,0.015,19.255367005064123,287.50373347848335
2026-09-08 16:45:00,33.847221471245376,9141.29752528927,15.0,0.015,1.5121008123350155,302.0946918447752
2026-09-08 17:00:00,38.13398928348032,13275.378955668742,15.0,0.015,7.313614965227426,258.55360584876564
2026-09-08 17:15:00,30.068893708207106,12336.143805614021,15.0,0.015,4.507625360135316,339.99757290329046
2026-09-08 17:30:00,52.380469008812554,12693.048936413397,15.0,0.015,3.9166616826854006,192.13362859586545
2026-09-08 17:45:00,40.13601950462396,5110.312644286472,15.0,0.015,2.8160589778535217,271.11015050832503
2026-09-08 18:00:00,26.610634757340865,9161.539981797614,15.0,0.015,12.448272831319933,352.2744927097482
2026-09-08 18:15:00,59.978728663728425,9813.441516353236,15.0,0.015,15.626437114946102,190.5724762223879
2026-09-08 18:30:00,34.19456106866057,5191.922768230567,15.0,0.015,11.565967988407213,333.59043952573376
2026-09-08 18:45:00,42.177643055699434,7598.132087450342,15.0,0.015,2.9392541917641934,261.5658145945101
2026-09-08 19:00:00,60.32360554822735,12602.89823122135,15.0,0.015,16.222475398669417,168.56055880502316
2026-09-08 19:15:00,46.21189979569961,6371.0970572899905,15.0,0.015,12.71909414327457,256.86464879177845
2026-09-08 19:30:00,20.844902035418205,10353.101314525917,15.0,0.015,7.76331412253991,379.8538275127604
2026-09-08 19:45:00,61.991606180673756,7152.018720172375,15.0,0.015,13.48260591072126,167.84890962271066
2026-09-08 20:00:00,46.38540265357089,5121.207746438933,15.0,0.015,5.1980995848566565,256.82599666314684
2026-09-08 20:15:00,31.745280732854305,7412.014575995415,15.0,0.015,6.90384416988421,339.3951623423304
2026-09-08 20:30:00,21.963603633169363,14758.737549100539,15.0,0.015,18.349716862639806,393.9737748791523
2026-09-08 20:45:00,54.7012594635148,13015.371118829895,15.0,0.015,5.810090113428408,188.83388320486455
2026-09-08 21:00:00,46.00363779642568,14595.766443210334,15.0,0.015,9.399765363158732,223.38058079138366
2026-09-08 21:15:00,41.67305459881608,9878.540439263625,15.0,0.015,17.802822747920292,294.1531725705793
2026-09-08 21:30:00,59.69462915254788,6097.361986775035,15.0,0.015,14.154427005350549,176.9001302883519
2026-09-08 21:45:00,54.42986056122654,10479.59488973693,15.0,0.015,1.244064523294055,147.86172058624643
2026-09-08 22:00:00,22.583743986637558,9543.77334559961,15.0,0.015,2.946060885579407,352.962900192648
2026-09-08 22:15:00,30.586103389777413,13443.570827396159,15.0,0.015,0.15683181543833635,312.5499598410556
2026-09-08 22:30:00,27.424456990723286,5980.825807842446,15.0,0.015,12.618435804583267,356.1772334577144
2026-09-08 22:45:00,52.19731462863385,9882.411370217782,15.0,0.015,8.953468508208367,186.5808952133316
2026-09-08 23:00:00,16.67662173678897,6500.486646939842,15.0,0.015,2.6854970180455107,411.14594455563997
2026-09-08 23:15:00,43.49448424356582,8246.7592689006,15.0,0.015,19.15868242113541,281.12256351498354
2026-09-08 23:30:00,53.122934287034525,12373.570773877997,15.0,0.015,10.593194478912398,199.53474625593984
2026-09-08 23:45:00,58.838281838087475,9760.181293687665,15.0,0.015,4.837865882257784,145.30916823361528
2026-09-09 00:00:00,32.10408743579538,8758.882851457693,15.0,0.015,10.01207142309415,343.13022512766446
2026-09-09 00:15:00,56.06286523360064,8944.762785700354,15.0,0.015,13.592406654702156,215.6387286041249
2026-09-09 00:30:00,20.531586847760362,9594.467684059866,15.0,0.015,1.5247843594712895,372.6066253746823
2026-09-09 00:45:00,57.32261458672591,12850.165438370568,15.0,0.015,5.49407630095784,157.8699613242379
2026-09-09 01:00:00,21.37443311659912,13920.846889402344,15.0,0.015,16.139309817679873,411.4001359169449
2026-09-09 01:15:00,34.86436452801836,14553.346865039282,15.0,0.015,9.193297408053224,303.82996695179145
2026-09-09 01:30:00,54.86476828897768,12869.033862552951,15.0,0.015,10.931542840645898,190.5835179374772
2026-09-09 01:45:00,22.49587136743869,8154.068957480127,15.0,0.015,8.656320044189385,393.4322091596167
2026-09-09 02:00:00,26.462569761632075,11881.34706086542,15.0,0.015,0.8779988528601024,314.3402378233184
2026-09-09 02:15:00,51.11262841965331,9376.031240553919,15.0,0.015,3.3149955964031186,219.7287555476764
2026-09-09 02:30:00,51.00182682730372,7546.706220460512,15.0,0.015,8.910832774837818,212.90091245079344
2026-09-09 02:45:00,47.057381644264865,13408.715794259226,15.0,0.015,4.183709308158557,219.85073158229523
2026-09-09 03:00:00,49.697422223355,5384.26348962325,15.0,0.015,0.9995805731935747,202.47611549293543
2026-09-09 03:15:00,42.13622216737981,14017.619921354235,15.0,0.015,16.872993281036475,280.36509388310185
2026-09-09 03:30:00,27.589952945347637,9614.77464624734,15.0,0.015,19.623850583282316,347.73996394280493
2026-09-09 03:45:00,32.28479967519597,11372.014768082805,15.0,0.015,15.862857479934789,360.44099032049235
2026-09-09 04:00:00,24.079885840071285,11593.539222057827,15.0,0.015,17.07569843409334,390.29196631181827
2026-09-09 04:15:00,60.422528066681416,13951.177407065365,15.0,0.015,4.839542606340908,153.78894876930397
2026-09-09 04:30:00,44.16958973830602,11366.696821672074,15.0,0.015,19.212539510263994,287.6807871493025
2026-09-09 04:45:00,35.042570838181994,11139.335847600618,15.0,0.015,3.9385140890685677,282.3041662856407
2026-09-09 05:00:00,38.100290182206635,5666.5204056069,15.0,0.015,19.028596207236646,316.55752980676186
2026-09-09 05:15:00,62.36416698059077,10184.08021945204,15.0,0.015,19.89638587931902,161.59315351161152
2026-09-09 05:30:00,22.66757015580401,6501.690008170417,15.0,0.015,14.234456114920974,405.1650529232653
2026-09-09 05:45:00,44.31149160083986,12374.337687214855,15.0,0.015,19.62287463583644,241.46838836136132
2026-09-09 06:00:00,40.2944339442233,10122.219208126746,15.0,0.015,11.390795591342073,279.52857301372535
2026-09-09 06:15:00,45.572711771732386,11802.277792083532,15.0,0.015,5.190835663521806,227.90309085988986
2026-09-09 06:30:00,15.905509191042025,5416.729006023843,15.0,0.015,8.739917713312417,428.530724539885
2026-09-09 06:45:00,58.606195447207575,5847.920160458032,15.0,0.015,11.87121870757572,179.155927542429
2026-09-09 07:00:00,61.60591412418062,12163.233880626824,15.0,0.015,1.4616312405402998,122.67338931366649
2026-09-09 07:15:00,43.25665917946044,5720.843359986734,15.0,0.015,12.446865292344922,254.6711675452865
2026-09-09 07:30:00,49.83254119384461,5712.567277652586,15.0,0.015,19.62355673524589,238.59188577906417
2026-09-09 07:45:00,61.124969058864785,5121.084752348875,15.0,0.015,3.8021529956745526,127.40485822843227
2026-09-09 08:00:00,50.36193171566993,14565.0139829948,15.0,0.015,15.851902325767666,242.16196978929764
2026-09-09 08:15:00,22.62695214571307,12375.083594590069,15.0,0.015,18.15797587559239,395.0161308701947
2026-09-09 08:30:00,43.81441800834066,8532.51408502064,15.0,0.015,18.874031856404414,231.25673237294026
2026-09-09 08:45:00,45.3357523191428,7965.355812876553,15.0,0.015,19.202712088108946,260.76857941203394
2026-09-09 09:00:00,36.2065335651193,8497.032297458496,15.0,0.015,10.429192774429438,288.0410268454835
2026-09-09 09:15:00,51.82221178123614,12746.535311811818,15.0,0.015,19.546158159830075,203.68990840032913
2026-09-09 09:30:00,61.718350738450745,11613.706110704145,15.0,0.015,15.146204142688777,141.4209042813345
2026-09-09 09:45:00,61.278425645338814,6851.95567867468,15.0,0.015,3.233428724739238,140.43743065494016
2026-09-09 10:00:00,37.541968570206606,6741.093353340843,15.0,0.015,9.5380021293594,313.7538052612027
2026-09-09 10:15:00,20.661902292037762,5983.956497133973,15.0,0.015,14.36662350744008,409.45960037062827
2026-09-09 10:30:00,64.24205994811672,11603.027197013382,15.0,0.015,4.946806316381666,115.34370212082693
2026-09-09 10:45:00,56.94490432229671,12643.72662221736,15.0,0.015,12.812303670977748,190.79374433573577
2026-09-09 11:00:00,21.233134060163344,7650.46428325004,15.0,0.015,13.332009580932384,392.3788601475998
2026-09-09 11:15:00,61.04209413086862,5209.449610309128,15.0,0.015,3.2539948761713178,129.8364194296838
2026-09-09 11:30:00,58.49481810310641,5821.716674764273,15.0,0.015,11.301706249055126,154.31906385597702
2026-09-09 11:45:00,40.94190285630361,14678.600348450305,15.0,0.015,15.432538219572153,258.9362272000469
2026-09-09 12:00:00,44.563771787246466,7954.447774774202,15.0,0.015,9.977913290718838,246.72434025956724
2026-09-09 12:15:00,34.95013519350651,12692.231478381336,15.0,0.015,0.2420623355221485,293.15411585880724
2026-09-09 12:30:00,17.738081941101566,11246.635688542638,15.0,0.015,0.18076938158584355,392.48369206633896
2026-09-09 12:45:00,31.759862082295047,8819.396396528959,15.0,0.015,7.140586879400244,317.4824973458198
2026-09-09 13:00:00,55.14267242990057,7056.872621955551,15.0,0.015,18.52388136863564,192.00553724741616
2026-09-09 13:15:00,15.231601150230142,6213.864181594065,15.0,0.015,4.573535592072176,426.88115715803804
2026-09-09 13:30:00,31.67495858455721,11150.129680388665,15.0,0.015,12.687273777433743,315.56781724832547
2026-09-09 13:45:00,34.90843467954717,12746.33780637788,15.0,0.015,4.4415174138664115,311.07284545810194
2026-09-09 14:00:00,41.86978014689615,11439.042535411307,15.0,0.015,6.433399793190972,246.6148634211042
2026-09-09 14:15:00,60.992780820638025,10303.021332491582,15.0,0.015,16.96084179202968,156.67847009993568
2026-09-09 14:30:00,32.31729971829806,5419.512234316363,15.0,0.015,14.577228845398938,313.2488815217743
2026-09-09 14:45:00,32.34766009481139,14684.887775943838,15.0,0.015,1.9079855462642126,302.2089783203755
2026-09-09 15:00:00,51.87506240548742,12987.141916545745,15.0,0.015,8.574040419728671,220.52739328370254
2026-09-09 15:15:00,37.61089704449036,7928.220367009648,15.0,0.015,0.5833952729052894,283.2358296055277
2026-09-09 15:30:00,26.2302411469991,14799.703293588507,15.0,0.015,9.61780293206018,376.5304906625463
2026-09-09 15:45:00,37.621975806634666,11018.815896363221,15.0,0.015,13.24868023402136,308.59764381724375
2026-09-09 16:00:00,22.042851018989992,10824.226582072464,15.0,0.015,2.370052471963031,355.9279514020306
2026-09-09 16:15:00,23.819349325311165,12480.731794295321,15.0,0.015,5.777698778183313,363.6774632395863
2026-09-09 16:30:00,39.91838863697399,13117.697880901374,15.0,0.015,7.956732510043139,264.7001462614804
2026-09-09 16:45:00,35.946272475227396,11564.786073315026,15.0,0.015,18.390620493120995,341.0622296954632
2026-09-09 17:00:00,60.742295053405,6280.957463662,15.0,0.015,19.86510030845928,157.32460060009387
2026-09-09 17:15:00,33.119694955831655,8382.675059944984,15.0,0.015,0.8982259799123171,316.48374756567137
2026-09-09 17:30:00,44.029417513902175,14280.836403260497,15.0,0.015,15.22015846990784,279.6581199080341
2026-09-09 17:45:00,46.61321439597652,7246.156118438519,15.0,0.015,7.434481328046864,262.6339793059759
2026-09-09 18:00:00,15.654722829416682,8721.670238375133,15.0,0.015,7.849163724589601,415.62469158323665
2026-09-09 18:15:00,48.17686860083553,9320.76882944196,15.0,0.015,15.085299466940453,251.79421972257012
2026-09-09 18:30:00,23.90179834348757,9394.049896944522,15.0,0.015,18.368528642908174,427.55104477297357
2026-09-09 18:45:00,63.053515873472755,11129.395824945255,15.0,0.015,19.018571890050968,150.45142338525994
2026-09-09 19:00:00,22.433136387655647,14430.758377447077,15.0,0.015,11.542451720766415,365.4604814026136
2026-09-09 19:15:00,35.73120618635119,7406.927118325049,15.0,0.015,7.142423186010056,271.69745874529656
2026-09-09 19:30:00,19.267483403932193,6215.01376300918,15.0,0.015,15.750981717175584,426.587743443678
2026-09-09 19:45:00,64.84371259229736,6974.704898599373,15.0,0.015,5.020027665246005,92.7305266558291
2026-09-09 20:00:00,40.10975051656213,13869.249002092694,15.0,0.015,11.281480576670354,276.3196722598991
2026-09-09 20:15:00,44.76925086600219,11458.108126552059,15.0,0.015,7.171569230497463,252.2873310705662
2026-09-09 20:30:00,18.353823869421376,7859.067892391601,15.0,0.015,13.132621474157522,418.9199327842355
2026-09-09 20:45:00,52.49802351995889,13159.469389686172,15.0,0.015,4.807978257870138,201.00948835874954
2026-09-09 21:00:00,25.49527965477929,13613.69996363436,15.0,0.015,3.8318589146965154,358.0263877377301
2026-09-09 21:15:00,59.90271447203569,13465.14338690278,15.0,0.015,18.364781733508742,196.49626383450425
2026-09-09 21:30:00,25.25698202410036,14189.265336395545,15.0,0.015,2.036073658990738,338.2455094622974
2026-09-09 21:45:00,24.534386033183328,7522.410201733615,15.0,0.015,10.119158154698633,362.87707303341926
2026-09-09 22:00:00,16.827483392404744,12550.419287462782,15.0,0.015,4.417055659260178,396.27931928502954
2026-09-09 22:15:00,38.60334725549996,9605.3949727414,15.0,0.015,0.778599266513349,282.38999217796606
2026-09-09 22:30:00,43.242056663130825,13419.985528900615,15.0,0.015,0.7203763658285278,255.49439157879806
2026-09-09 22:45:00,18.28543197141762,12284.906771616132,15.0,0.015,3.504435442116547,404.064658845505
2026-09-09 23:00:00,53.776380834750526,12764.474464997245,15.0,0.015,17.335407090120004,229.76493417508573
2026-09-09 23:15:00,37.664441737401376,11561.618376810715,15.0,0.015,5.649574879540533,267.6418863240271
2026-09-09 23:30:00,41.219513466379,6774.287694697068,15.0,0.015,19.009183411505916,315.7096476980049
2026-09-09 23:45:00,37.03813734691141,10450.269188969383,15.0,0.015,11.632445859783871,323.88464696378315
2026-09-10 00:00:00,35.0381530437663,14846.697395245083,15.0,0.015,8.732283795375322,318.26997928683903
2026-09-10 00:15:00,42.982016565410895,14373.88066497119,15.0,0.015,11.601776693389091,292.0384376258787
2026-09-10 00:30:00,22.762012296535623,5431.737357970117,15.0,0.015,10.333967704525355,359.24651351467037
2026-09-10 00:45:00,24.096406524763555,6648.148157294371,15.0,0.015,15.175525075146503,377.90588895777194
2026-09-10 01:00:00,58.089281050675865,6317.287734545619,15.0,0.015,5.649921319457045,151.73460442462965
2026-09-10 01:15:00,62.305773106681634,12259.799099852955,15.0,0.015,7.061007832006048,151.10956688028247
2026-09-10 01:30:00,33.66546581398765,13177.853298569451,15.0,0.015,17.881886050665013,318.01886612337194
2026-09-10 01:45:00,28.537233657177687,7135.113663106719,15.0,0.015,18.92913026300811,377.9972858230124
2026-09-10 02:00:00,47.19997716195079,10058.52692951829,15.0,0.015,17.85116454972949,273.0605082877049
2026-09-10 02:15:00,35.43670855490482,13407.030280112,15.0,0.015,8.388959879146272,314.58571193012364
2026-09-10 02:30:00,16.269317783017243,12328.015447662507,15.0,0.015,15.607310060137634,437.8549787770943
2026-09-10 02:45:00,22.80762986830952,10422.372054918484,15.0,0.015,9.526714666021975,367.38955000867554
2026-09-10 03:00:00,50.798611442369875,10903.47690458773,15.0,0.015,9.950797042922044,202.40716093974436
2026-09-10 03:15:00,47.94619709550757,10083.6054691628,15.0,0.015,4.093602181145679,239.2543053686959
2026-09-10 03:30:00,16.354799625174174,7975.484513188206,15.0,0.015,11.82260606517033,437.20664943787557
2026-09-10 03:45:00,26.098608096647474,10650.21992859016,15.0,0.015,3.7227179550669587,350.2684945395859
2026-09-10 04:00:00,26.55373982940357,11888.853020500906,15.0,0.015,6.631293981343875,347.671505799778
2026-09-10 04:15:00,48.59463717993642,13733.229158608077,15.0,0.015,17.100604032398703,212.24626688850825
2026-09-10 04:30:00,15.985526887718208,11362.91353979248,15.0,0.015,4.141516184217105,396.30708476185833
2026-09-10 04:45:00,20.20542909922869,12611.215370431579,15.0,0.015,1.4231657034686562,410.285043118661
2026-09-10 05:00:00,54.99580426865947,6600.71634954573,15.0,0.015,1.380151852256326,153.57864452751886
2026-09-10 05:15:00,23.92723310271668,9615.5747441979,15.0,0.015,18.815690410062157,396.9101795221404
2026-09-10 05:30:00,47.63730539259374,5093.316198270933,15.0,0.015,10.138408759236693,249.56464476083892
2026-09-10 05:45:00,26.909139052336325,7466.78864521623,15.0,0.015,8.188241436340366,336.09780853862844
2026-09-10 06:00:00,19.97206963796726,12264.617151130049,15.0,0.015,16.217571620158367,415.3733825342294
2026-09-10 06:15:00,27.158609549972702,14918.099513493635,15.0,0.015,16.71651855821032,384.55011287924424
2026-09-10 06:30:00,51.11334659278296,5991.780995872159,15.0,0.015,6.643820662312092,206.7950515965352
2026-09-10 06:45:00,57.784823405314285,9014.943158612883,15.0,0.015,13.872361149475905,224.06182770206763
2026-09-10 07:00:00,56.51099322834958,13000.709686991595,15.0,0.015,15.422456317037732,166.74996438080507
2026-09-10 07:15:00,34.85917648092274,7040.356346288989,15.0,0.015,13.09301373731909,332.91189653735995
2026-09-10 07:30:00,48.40425682853231,10550.849493022863,15.0,0.015,3.0319014960019874,213.04623595986314
2026-09-10 07:45:00,25.24921477079105,12330.712960296747,15.0,0.015,17.51766167034114,395.1188370384861
2026-09-10 08:00:00,29.657386513050664,11159.85450260179,15.0,0.015,10.781891054720173,350.2390703066251
2026-09-10 08:15:00,59.81679092605599,6880.247346154161,15.0,0.015,5.649448527400073,141.40080854181429
2026-09-10 08:30:00,15.650096175536802,8553.845686857394,15.0,0.015,8.504563708753878,426.5434962511771
2026-09-10 08:45:00,19.2754265427234,12837.917844853971,15.0,0.015,0.7514218079781476,357.9817625886416
2026-09-10 09:00:00,25.394312757301364,10542.265141320167,15.0,0.015,2.557336024448351,361.7975080136594
2026-09-10 09:15:00,16.326610193690986,5052.296135429127,15.0,0.015,15.310935010317216,437.1345858483464
2026-09-10 09:30:00,24.071771754489866,12609.907600280938,15.0,0.015,0.00023269510732282228,365.14973739292196
2026-09-10 09:45:00,44.15207804848461,5353.113549402391,15.0,0.015,8.331316569645843,267.6219397246913
2026-09-10 10:00:00,36.0712275296249,12457.337827312322,15.0,0.015,10.450203621711768,309.98733966881986
2026-09-10 10:15:00,59.63358555384874,7024.805601652374,15.0,0.015,1.092688400019446,146.6052047739206
2026-09-10 10:30:00,55.87217808692205,14580.734801193803,15.0,0.015,19.461563259446656,190.47403294744163
2026-09-10 10:45:00,32.0908675848938,8679.407513020844,15.0,0.015,4.522506624993438,305.8164962858883
2026-09-10 11:00:00,27.971171671564626,8269.31616338079,15.0,0.015,6.083974392725617,362.14193805872344
2026-09-10 11:15:00,33.98462040836334,6488.880503324447,15.0,0.015,6.078850245100547,329.79500912561076
2026-09-10 11:30:00,44.514747125740385,8056.0421549021485,15.0,0.015,4.608333242346998,238.55652718557084
2026-09-10 11:45:00,28.403182041143815,13766.507618282005,15.0,0.015,0.02947644172622832,330.3299018453887
2026-09-10 12:00:00,46.207445392456705,14963.343376272473,15.0,0.015,14.586895881759927,238.3599037838731
2026-09-10 12:15:00,35.47058260956202,8683.095305068484,15.0,0.015,19.336909995985707,343.44167701361096
2026-09-10 12:30:00,42.60235904259901,9486.106309545426,15.0,0.015,4.485869665700902,263.3388374311844
2026-09-10 12:45:00,36.80632645676583,12220.70938202737,15.0,0.015,13.26094383606845,334.8021904784982
2026-09-10 13:00:00,29.723287977095886,13861.957804650745,15.0,0.015,14.837926539174301,338.1612790580772
2026-09-10 13:15:00,62.422665348107834,10930.443341867842,15.0,0.015,16.968507581810496,153.73090458970074
2026-09-10 13:30:00,53.18028970798804,8915.256981778293,15.0,0.015,8.452583940272183,201.29511847049972
2026-09-10 13:45:00,22.005658788322627,9126.218408486238,15.0,0.015,6.058618112808585,389.78062656156794
2026-09-10 14:00:00,58.42339879489564,11956.181464968067,15.0,0.015,6.505902680460622,159.2363980283329
2026-09-10 14:15:00,39.37155991247568,5032.182636042787,15.0,0.015,14.252426661970256,279.1810774922809
2026-09-10 14:30:00,59.72761134470457,11195.893374598407,15.0,0.015,16.33558933011272,187.5266235258516
2026-09-10 14:45:00,54.992762797365764,8554.930104413574,15.0,0.015,3.632279355132053,188.12501236425328
2026-09-10 15:00:00,36.260675223461675,12941.973312770842,15.0,0.015,7.418820163155305,283.5294774770847
2026-09-10 15:15:00,16.12346541600587,5929.906398231322,15.0,0.015,18.038803934983,459.66845739051325
2026-09-10 15:30:00,28.433867969247302,10882.022669483904,15.0,0.015,16.133870393894785,379.21751361025485
2026-09-10 15:45:00,42.081710733043344,9809.728898861238,15.0,0.015,19.697168055249517,288.91851917095585
2026-09-10 16:00:00,46.673910991307366,11423.255259052274,15.0,0.015,15.084965193641615,251.32043237507958
2026-09-10 16:15:00,27.894384271660115,5648.535944829683,15.0,0.015,7.863904020558445,356.67236897789473
2026-09-10 16:30:00,21.967803703641206,10799.837874281313,15.0,0.015,11.812756679892756,378.8931450840944
2026-09-10 16:45:00,56.74651183996495,10614.845879595237,15.0,0.015,13.220285084946406,186.41197131756437
2026-09-10 17:00:00,64.22010903517761,10606.60094416171,15.0,0.015,1.569116326342479,85.53182527248157
2026-09-10 17:15:00,41.28450911513429,11034.876665964548,15.0,0.015,10.889939182077303,287.2196583558929
2026-09-10 17:30:00,23.583964292415175,11764.679372263621,15.0,0.015,14.186416569452192,363.4466490477854
2026-09-10 17:45:00,28.61536632596845,13049.889996807698,15.0,0.015,3.3464260800212076,357.55195163066674
2026-09-10 18:00:00,15.919533827373337,7698.207201282144,15.0,0.015,15.612634348511143,430.7562643232855
2026-09-10 18:15:00,60.71494032802495,13250.494101800621,15.0,0.015,11.675455610282233,155.88626452344712
2026-09-10 18:30:00,20.887554144507057,9982.556822634535,15.0,0.015,19.04443571395189,403.3475379695938
2026-09-10 18:45:00,43.82582377571268,5770.582791343311,15.0,0.015,0.8484459641378339,234.42136616516845
2026-09-10 19:00:00,28.7027610343603,5585.509292439792,15.0,0.015,5.306522751109339,359.6744494732774
2026-09-10 19:15:00,42.70890012578967,8342.383186960607,15.0,0.015,12.031077585996481,230.4916245692288
2026-09-10 19:30:00,47.57101941759321,12848.969771114676,15.0,0.015,5.9311982441186135,245.59076077400078
2026-09-10 19:45:00,56.48709018536008,12076.809347409158,15.0,0.015,14.288483281424844,194.72477766721482
2026-09-10 20:00:00,25.32106358803016,12886.149646724065,15.0,0.015,15.18010565043862,360.32850505483805
2026-09-10 20:15:00,15.549791432924025,10172.690564416094,15.0,0.015,2.050319281329489,394.6722040693762
2026-09-10 20:30:00,21.844281503440364,9401.989979554906,15.0,0.015,10.277089284135354,414.63438495575156
2026-09-10 20:45:00,60.00093209240526,6474.52526706284,15.0,0.015,10.177811111821118,146.16742647006973
2026-09-10 21:00:00,58.694503878125765,8281.927536093115,15.0,0.015,7.385615404310821,145.3039498809277
2026-09-10 21:15:00,44.870655108515415,9340.193661738753,15.0,0.015,18.65849725139344,285.1527819871653
2026-09-10 21:30:00,45.02584302168267,5886.004296796173,15.0,0.015,16.550126397464425,268.02348780912155
2026-09-10 21:45:00,48.25183372731277,7206.119527112112,15.0,0.015,13.944187638192735,224.30848926446285
2026-09-10 22:00:00,23.76856393117248,10982.252940637387,15.0,0.015,14.286532714699952,389.21105647343427
2026-09-10 22:15:00,60.72059729624799,12356.6311423919,15.0,0.015,9.234322876262382,138.75877172043272
2026-09-10 22:30:00,35.93852624460365,14983.475113929497,15.0,0.015,18.419890421931516,337.7209443525802
2026-09-10 22:45:00,34.156926412474874,14331.133313435577,15.0,0.015,13.891908545065707,338.7628230883792
2026-09-10 23:00:00,40.94588526414188,11425.651995351916,15.0,0.015,14.57962123311633,291.46402386371057
2026-09-10 23:15:00,17.348298338752752,9212.48053294072,15.0,0.015,17.233818075746903,435.8027620376826
2026-09-10 23:30:00,23.31416843780397,11361.773647082327,15.0,0.015,5.48143178684382,397.4956748198744
2026-09-10 23:45:00,51.90168082131852,12856.516180802319,15.0,0.015,16.14141807733406,220.86804613758036
2026-09-11 00:00:00,19.139933396256325,6183.361909233873,15.0,0.015,3.9048120591298408,375.2419118594097
2026-09-11 00:15:00,45.15760547331941,9099.048896962882,15.0,0.015,6.906839044897756,249.61015394236364
2026-09-11 00:30:00,27.267455484066048,13398.022856356172,15.0,0.015,6.712209085396854,381.11039100945413
2026-09-11 00:45:00,34.46478070209883,8838.32951933044,15.0,0.015,19.57050936778281,317.1309421251849
2026-09-11 01:00:00,29.434686838534994,10718.722712271865,15.0,0.015,17.130744474958536,352.2314264182973
2026-09-11 01:15:00,32.78363582324746,10877.693608621983,15.0,0.015,14.023397231805195,337.5916700956475
2026-09-11 01:30:00,50.95229525921228,6844.762531336393,15.0,0.015,14.541135232307802,222.55992617425588
2026-09-11 01:45:00,29.85608578115875,8622.354416522883,15.0,0.015,11.241455888051421,328.6118433834906
2026-09-11 02:00:00,43.32023201484486,8345.112887419322,15.0,0.015,18.94181334217038,294.79010243872864
2026-09-11 02:15:00,38.80252010995498,5261.967085320648,15.0,0.015,9.92517505764723,321.83584028582345
2026-09-11 02:30:00,48.18355826813241,5241.917638913553,15.0,0.015,7.610354197397891,229.06133067135994
2026-09-11 02:45:00,61.8414869662379,13316.970436757734,15.0,0.015,3.26070673863182,121.91146733379625
2026-09-11 03:00:00,51.62860486051252,7730.708099728125,15.0,0.015,15.72411304522116,198.4421890515651
2026-09-11 03:15:00,25.747018929537838,10180.787662388155,15.0,0.015,14.68887864151183,378.76528342411433
2026-09-11 03:30:00,16.559156753064233,7987.255735887731,15.0,0.015,7.687100770482697,432.5774211723238
2026-09-11 03:45:00,28.113202214991254,14406.792451153406,15.0,0.015,0.5038682791845872,339.45603946585237
2026-09-11 04:00:00,44.75389653501274,7592.967588657737,15.0,0.015,16.779946554360215,265.0004562848612
2026-09-11 04:15:00,17.571290674212516,9296.56812738935,15.0,0.015,0.22835966908147265,386.1899005160483
2026-09-11 04:30:00,39.81831236006182,13727.302504846019,15.0,0.015,14.073995592581019,272.85566253401976
2026-09-11 04:45:00,44.84214244584446,13419.335667918087,15.0,0.015,19.40514219452114,282.27869960884874
2026-09-11 05:00:00,31.712194540848042,6861.014178462773,15.0,0.015,8.75322656296407,340.9398602016237
2026-09-11 05:15:00,53.545610187291096,13026.433097957104,15.0,0.015,4.699468099919056,164.93932827573053
2026-09-11 05:30:00,20.32991265668859,9581.868867378926,15.0,0.015,14.097420200867635,430.06294913431395
2026-09-11 05:45:00,18.756889086790437,9829.688720853552,15.0,0.015,16.342562840311704,428.7548594732908
2026-09-11 06:00:00,51.409437810180165,6334.799724159438,15.0,0.015,10.928606321556947,234.39450545921983
2026-09-11 06:15:00,39.77456581030992,5806.015137571247,15.0,0.015,19.340705505122923,279.90209992110954
2026-09-11 06:30:00,49.420119821386805,12279.393069737653,15.0,0.015,1.033374433159222,185.05866760676602
2026-09-11 06:45:00,36.74136693018731,9964.611523552998,15.0,0.015,10.095911966090563,297.50908270454784
2026-09-11 07:00:00,27.32010166195534,9368.507026151796,15.0,0.015,14.369078946451001,372.35931432459785
2026-09-11 07:15:00,55.955115883709986,12295.082286523968,15.0,0.015,17.252809422983578,225.7203358876117
2026-09-11 07:30:00,54.970793948448964,12655.128989911096,15.0,0.015,3.585112238155801,187.9366444928448
2026-09-11 07:45:00,49.73482354272134,6589.081676693536,15.0,0.015,16.00006963527363,229.95097886203874
2026-09-11 08:00:00,28.607256861498136,11102.251494776414,15.0,0.015,11.054141514370905,335.06920374476465
2026-09-11 08:15:00,44.51153334345435,6353.540822776855,15.0,0.015,7.931073639799264,267.24295580965963
2026-09-11 08:30:00,33.04869484700134,12513.750860290456,15.0,0.015,2.6343005715818713,292.50585067489493
2026-09-11 08:45:00,19.579103666331708,11569.551562671395,15.0,0.015,17.30591517817825,441.5642366799511
2026-09-11 09:00:00,60.86567877311214,14566.14621083458,15.0,0.015,3.145464163594307,136.83108594441816
2026-09-11 09:15:00,21.84093154594807,5689.580163564212,15.0,0.015,6.195757184181985,405.2046561819433
2026-09-11 09:30:00,62.51186769104012,5570.547211512543,15.0,0.015,5.8009106392487375,146.71458448314593
2026-09-11 09:45:00,37.30028864789779,7821.870746932002,15.0,0.015,17.428280683817086,308.9998971386106
